name,,,,,,
Year,,,,,,
GeoType,,,,,,
GeogName,,,,,,
GeoID,,,,,,
Pop_1E,,,,,,
Pop_1M,,,,,,
Pop_1C,,,,,,
Pop_1P,,,,,,
Pop_1Z,,,,,,
MaleE,,,,,,
MaleM,,,,,,
MaleC,,,,,,
MaleP,,,,,,
MaleZ,,,,,,
FemE,,,,,,
FemM,,,,,,
FemC,,,,,,
FemP,,,,,,
FemZ,,,,,,
PopU5E,,,,,,
PopU5M,,,,,,
PopU5C,,,,,,
PopU5P,,,,,,
PopU5Z,,,,,,
Pop5t9E,,,,,,
Pop5t9M,,,,,,
Pop5t9C,,,,,,
Pop5t9P,,,,,,
Pop5t9Z,,,,,,
Pop10t14E,,,,,,
Pop10t14M,,,,,,
Pop10t14C,,,,,,
Pop10t14P,,,,,,
Pop10t14Z,,,,,,
Pop15t19E,,,,,,
Pop15t19M,,,,,,
Pop15t19C,,,,,,
Pop15t19P,,,,,,
Pop15t19Z,,,,,,
Pop20t24E,,,,,,
Pop20t24M,,,,,,
Pop20t24C,,,,,,
Pop20t24P,,,,,,
Pop20t24Z,,,,,,
Pop25t29E,,,,,,
Pop25t29M,,,,,,
Pop25t29C,,,,,,
Pop25t29P,,,,,,
Pop25t29Z,,,,,,
Pop30t34E,,,,,,
Pop30t34M,,,,,,
Pop30t34C,,,,,,
Pop30t34P,,,,,,
Pop30t34Z,,,,,,
Pop35t39E,,,,,,
Pop35t39M,,,,,,
Pop35t39C,,,,,,
Pop35t39P,,,,,,
Pop35t39Z,,,,,,
Pop40t44E,,,,,,
Pop40t44M,,,,,,
Pop40t44C,,,,,,
Pop40t44P,,,,,,
Pop40t44Z,,,,,,
Pop45t49E,,,,,,
Pop45t49M,,,,,,
Pop45t49C,,,,,,
Pop45t49P,,,,,,
Pop45t49Z,,,,,,
Pop50t54E,,,,,,
Pop50t54M,,,,,,
Pop50t54C,,,,,,
Pop50t54P,,,,,,
Pop50t54Z,,,,,,
Pop55t59E,,,,,,
Pop55t59M,,,,,,
Pop55t59C,,,,,,
Pop55t59P,,,,,,
Pop55t59Z,,,,,,
Pop60t64E,,,,,,
Pop60t64M,,,,,,
Pop60t64C,,,,,,
Pop60t64P,,,,,,
Pop60t64Z,,,,,,
Pop65t69E,,,,,,
Pop65t69M,,,,,,
Pop65t69C,,,,,,
Pop65t69P,,,,,,
Pop65t69Z,,,,,,
Pop70t74E,,,,,,
Pop70t74M,,,,,,
Pop70t74C,,,,,,
Pop70t74P,,,,,,
Pop70t74Z,,,,,,
Pop75t79E,,,,,,
Pop75t79M,,,,,,
Pop75t79C,,,,,,
Pop75t79P,,,,,,
Pop75t79Z,,,,,,
Pop80t84E,,,,,,
Pop80t84M,,,,,,
Pop80t84C,,,,,,
Pop80t84P,,,,,,
Pop80t84Z,,,,,,
Pop85plE,,,,,,
Pop85plM,,,,,,
Pop85plC,,,,,,
Pop85plP,,,,,,
Pop85plZ,,,,,,
PopU181E,,,,,,
PopU181M,,,,,,
PopU181C,,,,,,
PopU181P,,,,,,
PopU181Z,,,,,,
Pop65pl1E,,,,,,
Pop65pl1M,,,,,,
Pop65pl1C,,,,,,
Pop65pl1P,,,,,,
Pop65pl1Z,,,,,,
MdAgeE,,,,,,
MdAgeM,,,,,,
MdAgeC,,,,,,
MdAgeP,,,,,,
MdAgeZ,,,,,,
PopU18_2E,,,,,,
PopU18_2M,,,,,,
PopU18_2C,,,,,,
PopU18_2P,,,,,,
PopU18_2Z,,,,,,
PopU18ME,,,,,,
PopU18MM,,,,,,
PopU18MC,,,,,,
PopU18MP,,,,,,
PopU18MZ,,,,,,
PopU18FE,,,,,,
PopU18FM,,,,,,
PopU18FC,,,,,,
PopU18FP,,,,,,
PopU18FZ,,,,,,
Pop65pl2E,,,,,,
Pop65pl2M,,,,,,
Pop65pl2C,,,,,,
Pop65pl2P,,,,,,
Pop65pl2Z,,,,,,
Pop65plME,,,,,,
Pop65plMM,,,,,,
Pop65plMC,,,,,,
Pop65plMP,,,,,,
Pop65plMZ,,,,,,
Pop65plFE,,,,,,
Pop65plFM,,,,,,
Pop65plFC,,,,,,
Pop65plFP,,,,,,
Pop65plFZ,,,,,,
Pop_2E,,,,,,
Pop_2M,,,,,,
Pop_2C,,,,,,
Pop_2P,,,,,,
Pop_2Z,,,,,,
Hsp1E,,,,,,
Hsp1M,,,,,,
Hsp1C,,,,,,
Hsp1P,,,,,,
Hsp1Z,,,,,,
NHspE,,,,,,
NHspM,,,,,,
NHspC,,,,,,
NHspP,,,,,,
NHspZ,,,,,,
WtNHE,,,,,,
WtNHM,,,,,,
WtNHC,,,,,,
WtNHP,,,,,,
WtNHZ,,,,,,
BlNHE,,,,,,
BlNHM,,,,,,
BlNHC,,,,,,
BlNHP,,,,,,
BlNHZ,,,,,,
AIANNHE,,,,,,
AIANNHM,,,,,,
AIANNHC,,,,,,
AIANNHP,,,,,,
AIANNHZ,,,,,,
AsnNHE,,,,,,
AsnNHM,,,,,,
AsnNHC,,,,,,
AsnNHP,,,,,,
AsnNHZ,,,,,,
NHPINHE,,,,,,
NHPINHM,,,,,,
NHPINHC,,,,,,
NHPINHP,,,,,,
NHPINHZ,,,,,,
OthNHE,,,,,,
OthNHM,,,,,,
OthNHC,,,,,,
OthNHP,,,,,,
OthNHZ,,,,,,
Rc2plNHE,,,,,,
Rc2plNHM,,,,,,
Rc2plNHC,,,,,,
Rc2plNHP,,,,,,
Rc2plNHZ,,,,,,
Hsp2E,,,,,,
Hsp2M,,,,,,
Hsp2C,,,,,,
Hsp2P,,,,,,
Hsp2Z,,,,,,
HspMeE,,,,,,
HspMeM,,,,,,
HspMeC,,,,,,
HspMeP,,,,,,
HspMeZ,,,,,,
HspPRE,,,,,,
HspPRM,,,,,,
HspPRC,,,,,,
HspPRP,,,,,,
HspPRZ,,,,,,
HspCubE,,,,,,
HspCubM,,,,,,
HspCubC,,,,,,
HspCubP,,,,,,
HspCubZ,,,,,,
HspDomE,,,,,,
HspDomM,,,,,,
HspDomC,,,,,,
HspDomP,,,,,,
HspDomZ,,,,,,
HspCAmE,,,,,,
HspCAmM,,,,,,
HspCAmC,,,,,,
HspCAmP,,,,,,
HspCAmZ,,,,,,
HspCRE,,,,,,
HspCRM,,,,,,
HspCRC,,,,,,
HspCRP,,,,,,
HspCRZ,,,,,,
HspGuatmE,,,,,,
HspGuatmM,,,,,,
HspGuatmC,,,,,,
HspGuatmP,,,,,,
HspGuatmZ,,,,,,
HspHndE,,,,,,
HspHndM,,,,,,
HspHndC,,,,,,
HspHndP,,,,,,
HspHndZ,,,,,,
HspNicE,,,,,,
HspNicM,,,,,,
HspNicC,,,,,,
HspNicP,,,,,,
HspNicZ,,,,,,
HspPanE,,,,,,
HspPanM,,,,,,
HspPanC,,,,,,
HspPanP,,,,,,
HspPanZ,,,,,,
HspSalvE,,,,,,
HspSalvM,,,,,,
HspSalvC,,,,,,
HspSalvP,,,,,,
HspSalvZ,,,,,,
HspOCAmE,,,,,,
HspOCAmM,,,,,,
HspOCAmC,,,,,,
HspOCAmP,,,,,,
HspOCAmZ,,,,,,
HspSAmE,,,,,,
HspSAmM,,,,,,
HspSAmC,,,,,,
HspSAmP,,,,,,
HspSAmZ,,,,,,
HspArgE,,,,,,
HspArgM,,,,,,
HspArgC,,,,,,
HspArgP,,,,,,
HspArgZ,,,,,,
HspBolE,,,,,,
HspBolM,,,,,,
HspBolC,,,,,,
HspBolP,,,,,,
HspBolZ,,,,,,
HspChlE,,,,,,
HspChlM,,,,,,
HspChlC,,,,,,
HspChlP,,,,,,
HspChlZ,,,,,,
HspColE,,,,,,
HspColM,,,,,,
HspColC,,,,,,
HspColP,,,,,,
HspColZ,,,,,,
HspEcE,,,,,,
HspEcM,,,,,,
HspEcC,,,,,,
HspEcP,,,,,,
HspEcZ,,,,,,
HspPrgE,,,,,,
HspPrgM,,,,,,
HspPrgC,,,,,,
HspPrgP,,,,,,
HspPrgZ,,,,,,
HspPeruE,,,,,,
HspPeruM,,,,,,
HspPeruC,,,,,,
HspPeruP,,,,,,
HspPeruZ,,,,,,
HspUrgE,,,,,,
HspUrgM,,,,,,
HspUrgC,,,,,,
HspUrgP,,,,,,
HspUrgZ,,,,,,
HspVnzE,,,,,,
HspVnzM,,,,,,
HspVnzC,,,,,,
HspVnzP,,,,,,
HspVnzZ,,,,,,
HspOSAmE,,,,,,
HspOSAmM,,,,,,
HspOSAmC,,,,,,
HspOSAmP,,,,,,
HspOSAmZ,,,,,,
HspOthE,,,,,,
HspOthM,,,,,,
HspOthC,,,,,,
HspOthP,,,,,,
HspOthZ,,,,,,
HspSpnrdE,,,,,,
HspSpnrdM,,,,,,
HspSpnrdC,,,,,,
HspSpnrdP,,,,,,
HspSpnrdZ,,,,,,
HspSpnshE,,,,,,
HspSpnshM,,,,,,
HspSpnshC,,,,,,
HspSpnshP,,,,,,
HspSpnshZ,,,,,,
HspSpAmE,,,,,,
HspSpAmM,,,,,,
HspSpAmC,,,,,,
HspSpAmP,,,,,,
HspSpAmZ,,,,,,
HspAllOthE,,,,,,
HspAllOthM,,,,,,
HspAllOthC,,,,,,
HspAllOthP,,,,,,
HspAllOthZ,,,,,,
Asn1RcE,,,,,,
Asn1RcM,,,,,,
Asn1RcC,,,,,,
Asn1RcP,,,,,,
Asn1RcZ,,,,,,
AsnEastE,,,,,,
AsnEastM,,,,,,
AsnEastC,,,,,,
AsnEastP,,,,,,
AsnEastZ,,,,,,
AsnChiNoTE,,,,,,
AsnChiNoTM,,,,,,
AsnChiNoTC,,,,,,
AsnChiNoTP,,,,,,
AsnChiNoTZ,,,,,,
AsnJpnE,,,,,,
AsnJpnM,,,,,,
AsnJpnC,,,,,,
AsnJpnP,,,,,,
AsnJpnZ,,,,,,
AsnKorE,,,,,,
AsnKorM,,,,,,
AsnKorC,,,,,,
AsnKorP,,,,,,
AsnKorZ,,,,,,
AsnMgolE,,,,,,
AsnMgolM,,,,,,
AsnMgolC,,,,,,
AsnMgolP,,,,,,
AsnMgolZ,,,,,,
AsnOkinwE,,,,,,
AsnOkinwM,,,,,,
AsnOkinwC,,,,,,
AsnOkinwP,,,,,,
AsnOkinwZ,,,,,,
AsnTwnE,,,,,,
AsnTwnM,,,,,,
AsnTwnC,,,,,,
AsnTwnP,,,,,,
AsnTwnZ,,,,,,
AsnSouthE,,,,,,
AsnSouthM,,,,,,
AsnSouthC,,,,,,
AsnSouthP,,,,,,
AsnSouthZ,,,,,,
AsnIndE,,,,,,
AsnIndM,,,,,,
AsnIndC,,,,,,
AsnIndP,,,,,,
AsnIndZ,,,,,,
AsnBngE,,,,,,
AsnBngM,,,,,,
AsnBngC,,,,,,
AsnBngP,,,,,,
AsnBngZ,,,,,,
AsnBhutnE,,,,,,
AsnBhutnM,,,,,,
AsnBhutnC,,,,,,
AsnBhutnP,,,,,,
AsnBhutnZ,,,,,,
AsnNepalE,,,,,,
AsnNepalM,,,,,,
AsnNepalC,,,,,,
AsnNepalP,,,,,,
AsnNepalZ,,,,,,
AsnPakE,,,,,,
AsnPakM,,,,,,
AsnPakC,,,,,,
AsnPakP,,,,,,
AsnPakZ,,,,,,
AsnSriLE,,,,,,
AsnSriLM,,,,,,
AsnSriLC,,,,,,
AsnSriLP,,,,,,
AsnSriLZ,,,,,,
AsnSEastE,,,,,,
AsnSEastM,,,,,,
AsnSEastC,,,,,,
AsnSEastP,,,,,,
AsnSEastZ,,,,,,
AsnBurmE,,,,,,
AsnBurmM,,,,,,
AsnBurmC,,,,,,
AsnBurmP,,,,,,
AsnBurmZ,,,,,,
AsnCmbE,,,,,,
AsnCmbM,,,,,,
AsnCmbC,,,,,,
AsnCmbP,,,,,,
AsnCmbZ,,,,,,
AsnFlpE,,,,,,
AsnFlpM,,,,,,
AsnFlpC,,,,,,
AsnFlpP,,,,,,
AsnFlpZ,,,,,,
AsnHmngE,,,,,,
AsnHmngM,,,,,,
AsnHmngC,,,,,,
AsnHmngP,,,,,,
AsnHmngZ,,,,,,
AsnIndnsnE,,,,,,
AsnIndnsnM,,,,,,
AsnIndnsnC,,,,,,
AsnIndnsnP,,,,,,
AsnIndnsnZ,,,,,,
AsnLaoE,,,,,,
AsnLaoM,,,,,,
AsnLaoC,,,,,,
AsnLaoP,,,,,,
AsnLaoZ,,,,,,
AsnMalsnE,,,,,,
AsnMalsnM,,,,,,
AsnMalsnC,,,,,,
AsnMalsnP,,,,,,
AsnMalsnZ,,,,,,
AsnThaiE,,,,,,
AsnThaiM,,,,,,
AsnThaiC,,,,,,
AsnThaiP,,,,,,
AsnThaiZ,,,,,,
AsnVtnE,,,,,,
AsnVtnM,,,,,,
AsnVtnC,,,,,,
AsnVtnP,,,,,,
AsnVtnZ,,,,,,
AsnOAsnE,,,,,,
AsnOAsnM,,,,,,
AsnOAsnC,,,,,,
AsnOAsnP,,,,,,
AsnOAsnZ,,,,,,
Asn2plE,,,,,,
Asn2plM,,,,,,
Asn2plC,,,,,,
Asn2plP,,,,,,
Asn2plZ,,,,,,
PopE,,,,,,
PopM,,,,,,
PopC,,,,,,
PopP,,,,,,
PopZ,,,,,,
MPop0t5E,,,,,,
MPop0t5M,,,,,,
MPop0t5C,,,,,,
MPop0t5P,,,,,,
MPop0t5Z,,,,,,
MPop5t9E,,,,,,
MPop5t9M,,,,,,
MPop5t9C,,,,,,
MPop5t9P,,,,,,
MPop5t9Z,,,,,,
MPop10t14E,,,,,,
MPop10t14M,,,,,,
MPop10t14C,,,,,,
MPop10t14P,,,,,,
MPop10t14Z,,,,,,
MPop15t19E,,,,,,
MPop15t19M,,,,,,
MPop15t19C,,,,,,
MPop15t19P,,,,,,
MPop15t19Z,,,,,,
MPop20t24E,,,,,,
MPop20t24M,,,,,,
MPop20t24C,,,,,,
MPop20t24P,,,,,,
MPop20t24Z,,,,,,
MPop25t29E,,,,,,
MPop25t29M,,,,,,
MPop25t29C,,,,,,
MPop25t29P,,,,,,
MPop25t29Z,,,,,,
MPop30t34E,,,,,,
MPop30t34M,,,,,,
MPop30t34C,,,,,,
MPop30t34P,,,,,,
MPop30t34Z,,,,,,
MPop35t39E,,,,,,
MPop35t39M,,,,,,
MPop35t39C,,,,,,
MPop35t39P,,,,,,
MPop35t39Z,,,,,,
MPop40t44E,,,,,,
MPop40t44M,,,,,,
MPop40t44C,,,,,,
MPop40t44P,,,,,,
MPop40t44Z,,,,,,
MPop45t49E,,,,,,
MPop45t49M,,,,,,
MPop45t49C,,,,,,
MPop45t49P,,,,,,
MPop45t49Z,,,,,,
MPop50t54E,,,,,,
MPop50t54M,,,,,,
MPop50t54C,,,,,,
MPop50t54P,,,,,,
MPop50t54Z,,,,,,
MPop55t59E,,,,,,
MPop55t59M,,,,,,
MPop55t59C,,,,,,
MPop55t59P,,,,,,
MPop55t59Z,,,,,,
MPop60t64E,,,,,,
MPop60t64M,,,,,,
MPop60t64C,,,,,,
MPop60t64P,,,,,,
MPop60t64Z,,,,,,
MPop65t69E,,,,,,
MPop65t69M,,,,,,
MPop65t69C,,,,,,
MPop65t69P,,,,,,
MPop65t69Z,,,,,,
MPop70t74E,,,,,,
MPop70t74M,,,,,,
MPop70t74C,,,,,,
MPop70t74P,,,,,,
MPop70t74Z,,,,,,
MPop75t79E,,,,,,
MPop75t79M,,,,,,
MPop75t79C,,,,,,
MPop75t79P,,,,,,
MPop75t79Z,,,,,,
MPop80t84E,,,,,,
MPop80t84M,,,,,,
MPop80t84C,,,,,,
MPop80t84P,,,,,,
MPop80t84Z,,,,,,
MPop85plE,,,,,,
MPop85plM,,,,,,
MPop85plC,,,,,,
MPop85plP,,,,,,
MPop85plZ,,,,,,
FPop0t5E,,,,,,
FPop0t5M,,,,,,
FPop0t5C,,,,,,
FPop0t5P,,,,,,
FPop0t5Z,,,,,,
FPop5t9E,,,,,,
FPop5t9M,,,,,,
FPop5t9C,,,,,,
FPop5t9P,,,,,,
FPop5t9Z,,,,,,
FPop10t14E,,,,,,
FPop10t14M,,,,,,
FPop10t14C,,,,,,
FPop10t14P,,,,,,
FPop10t14Z,,,,,,
FPop15t19E,,,,,,
FPop15t19M,,,,,,
FPop15t19C,,,,,,
FPop15t19P,,,,,,
FPop15t19Z,,,,,,
FPop20t24E,,,,,,
FPop20t24M,,,,,,
FPop20t24C,,,,,,
FPop20t24P,,,,,,
FPop20t24Z,,,,,,
FPop25t29E,,,,,,
FPop25t29M,,,,,,
FPop25t29C,,,,,,
FPop25t29P,,,,,,
FPop25t29Z,,,,,,
FPop30t34E,,,,,,
FPop30t34M,,,,,,
FPop30t34C,,,,,,
FPop30t34P,,,,,,
FPop30t34Z,,,,,,
FPop35t39E,,,,,,
FPop35t39M,,,,,,
FPop35t39C,,,,,,
FPop35t39P,,,,,,
FPop35t39Z,,,,,,
FPop40t44E,,,,,,
FPop40t44M,,,,,,
FPop40t44C,,,,,,
FPop40t44P,,,,,,
FPop40t44Z,,,,,,
FPop45t49E,,,,,,
FPop45t49M,,,,,,
FPop45t49C,,,,,,
FPop45t49P,,,,,,
FPop45t49Z,,,,,,
FPop50t54E,,,,,,
FPop50t54M,,,,,,
FPop50t54C,,,,,,
FPop50t54P,,,,,,
FPop50t54Z,,,,,,
FPop55t59E,,,,,,
FPop55t59M,,,,,,
FPop55t59C,,,,,,
FPop55t59P,,,,,,
FPop55t59Z,,,,,,
FPop60t64E,,,,,,
FPop60t64M,,,,,,
FPop60t64C,,,,,,
FPop60t64P,,,,,,
FPop60t64Z,,,,,,
FPop65t69E,,,,,,
FPop65t69M,,,,,,
FPop65t69C,,,,,,
FPop65t69P,,,,,,
FPop65t69Z,,,,,,
FPop70t74E,,,,,,
FPop70t74M,,,,,,
FPop70t74C,,,,,,
FPop70t74P,,,,,,
FPop70t74Z,,,,,,
FPop75t79E,,,,,,
FPop75t79M,,,,,,
FPop75t79C,,,,,,
FPop75t79P,,,,,,
FPop75t79Z,,,,,,
FPop80t84E,,,,,,
FPop80t84M,,,,,,
FPop80t84C,,,,,,
FPop80t84P,,,,,,
FPop80t84Z,,,,,,
FPop85plE,,,,,,
FPop85plM,,,,,,
FPop85plC,,,,,,
FPop85plP,,,,,,
FPop85plZ,,,,,,
HH1E,,,,,,
HH1M,,,,,,
HH1C,,,,,,
HH1P,,,,,,
HH1Z,,,,,,
Fam1E,,,,,,
Fam1M,,,,,,
Fam1C,,,,,,
Fam1P,,,,,,
Fam1Z,,,,,,
FamChU18E,,,,,,
FamChU18M,,,,,,
FamChU18C,,,,,,
FamChU18P,,,,,,
FamChU18Z,,,,,,
MrdFamE,,,,,,
MrdFamM,,,,,,
MrdFamC,,,,,,
MrdFamP,,,,,,
MrdFamZ,,,,,,
MrdChU18E,,,,,,
MrdChU18M,,,,,,
MrdChU18C,,,,,,
MrdChU18P,,,,,,
MrdChU18Z,,,,,,
MHnWE,,,,,,
MHnWM,,,,,,
MHnWC,,,,,,
MHnWP,,,,,,
MHnWZ,,,,,,
MHnWChU18E,,,,,,
MHnWChU18M,,,,,,
MHnWChU18C,,,,,,
MHnWChU18P,,,,,,
MHnWChU18Z,,,,,,
FHnHE,,,,,,
FHnHM,,,,,,
FHnHC,,,,,,
FHnHP,,,,,,
FHnHZ,,,,,,
FHnHChU18E,,,,,,
FHnHChU18M,,,,,,
FHnHChU18C,,,,,,
FHnHChU18P,,,,,,
FHnHChU18Z,,,,,,
NFam1E,,,,,,
NFam1M,,,,,,
NFam1C,,,,,,
NFam1P,,,,,,
NFam1Z,,,,,,
NFamAE,,,,,,
NFamAM,,,,,,
NFamAC,,,,,,
NFamAP,,,,,,
NFamAZ,,,,,,
NFamA65plE,,,,,,
NFamA65plM,,,,,,
NFamA65plC,,,,,,
NFamA65plP,,,,,,
NFamA65plZ,,,,,,
HH1plU18E,,,,,,
HH1plU18M,,,,,,
HH1plU18C,,,,,,
HH1plU18P,,,,,,
HH1plU18Z,,,,,,
HH1pl65plE,,,,,,
HH1pl65plM,,,,,,
HH1pl65plC,,,,,,
HH1pl65plP,,,,,,
HH1pl65plZ,,,,,,
AvgHHSzE,,,,,,
AvgHHSzM,,,,,,
AvgHHSzC,,,,,,
AvgHHSzP,,,,,,
AvgHHSzZ,,,,,,
AvgFmSzE,,,,,,
AvgFmSzM,,,,,,
AvgFmSzC,,,,,,
AvgFmSzP,,,,,,
AvgFmSzZ,,,,,,
HHPopE,,,,,,
HHPopM,,,,,,
HHPopC,,,,,,
HHPopP,,,,,,
HHPopZ,,,,,,
RshpHHldrE,,,,,,
RshpHHldrM,,,,,,
RshpHHldrC,,,,,,
RshpHHldrP,,,,,,
RshpHHldrZ,,,,,,
Rshp_SpE,,,,,,
Rshp_SpM,,,,,,
Rshp_SpC,,,,,,
Rshp_SpP,,,,,,
Rshp_SpZ,,,,,,
Rshp_ChE,,,,,,
Rshp_ChM,,,,,,
Rshp_ChC,,,,,,
Rshp_ChP,,,,,,
Rshp_ChZ,,,,,,
Rshp_OthRE,,,,,,
Rshp_OthRM,,,,,,
Rshp_OthRC,,,,,,
Rshp_OthRP,,,,,,
Rshp_OthRZ,,,,,,
Rshp_NRE,,,,,,
Rshp_NRM,,,,,,
Rshp_NRC,,,,,,
Rshp_NRP,,,,,,
Rshp_NRZ,,,,,,
Rshp_NRUPE,,,,,,
Rshp_NRUPM,,,,,,
Rshp_NRUPC,,,,,,
Rshp_NRUPP,,,,,,
Rshp_NRUPZ,,,,,,
Rshp_SSUPE,,,,,,
Rshp_SSUPM,,,,,,
Rshp_SSUPC,,,,,,
Rshp_SSUPP,,,,,,
Rshp_SSUPZ,,,,,,
MS_M15plE,,,,,,
MS_M15plM,,,,,,
MS_M15plC,,,,,,
MS_M15plP,,,,,,
MS_M15plZ,,,,,,
MS_MNvMrdE,,,,,,
MS_MNvMrdM,,,,,,
MS_MNvMrdC,,,,,,
MS_MNvMrdP,,,,,,
MS_MNvMrdZ,,,,,,
MS_MMrdSpE,,,,,,
MS_MMrdSpM,,,,,,
MS_MMrdSpC,,,,,,
MS_MMrdSpP,,,,,,
MS_MMrdSpZ,,,,,,
MS_MSpE,,,,,,
MS_MSpM,,,,,,
MS_MSpC,,,,,,
MS_MSpP,,,,,,
MS_MSpZ,,,,,,
MS_MWdE,,,,,,
MS_MWdM,,,,,,
MS_MWdC,,,,,,
MS_MWdP,,,,,,
MS_MWdZ,,,,,,
MS_MDvcdE,,,,,,
MS_MDvcdM,,,,,,
MS_MDvcdC,,,,,,
MS_MDvcdP,,,,,,
MS_MDvcdZ,,,,,,
MS_F15plE,,,,,,
MS_F15plM,,,,,,
MS_F15plC,,,,,,
MS_F15plP,,,,,,
MS_F15plZ,,,,,,
MS_FNvMrdE,,,,,,
MS_FNvMrdM,,,,,,
MS_FNvMrdC,,,,,,
MS_FNvMrdP,,,,,,
MS_FNvMrdZ,,,,,,
MS_FMrdSpE,,,,,,
MS_FMrdSpM,,,,,,
MS_FMrdSpC,,,,,,
MS_FMrdSpP,,,,,,
MS_FMrdSpZ,,,,,,
MS_FSpE,,,,,,
MS_FSpM,,,,,,
MS_FSpC,,,,,,
MS_FSpP,,,,,,
MS_FSpZ,,,,,,
MS_FWdE,,,,,,
MS_FWdM,,,,,,
MS_FWdC,,,,,,
MS_FWdP,,,,,,
MS_FWdZ,,,,,,
MS_FDvcdE,,,,,,
MS_FDvcdM,,,,,,
MS_FDvcdC,,,,,,
MS_FDvcdP,,,,,,
MS_FDvcdZ,,,,,,
GpLGcU18E,,,,,,
GpLGcU18M,,,,,,
GpLGcU18C,,,,,,
GpLGcU18P,,,,,,
GpLGcU18Z,,,,,,
GpRGcU18E,,,,,,
GpRGcU18M,,,,,,
GpRGcU18C,,,,,,
GpRGcU18P,,,,,,
GpRGcU18Z,,,,,,
Pop3plEnE,,,,,,
Pop3plEnM,,,,,,
Pop3plEnC,,,,,,
Pop3plEnP,,,,,,
Pop3plEnZ,,,,,,
SE_NScPScE,,,,,,
SE_NScPScM,,,,,,
SE_NScPScC,,,,,,
SE_NScPScP,,,,,,
SE_NScPScZ,,,,,,
SE_KndgtnE,,,,,,
SE_KndgtnM,,,,,,
SE_KndgtnC,,,,,,
SE_KndgtnP,,,,,,
SE_KndgtnZ,,,,,,
SE_G1t8E,,,,,,
SE_G1t8M,,,,,,
SE_G1t8C,,,,,,
SE_G1t8P,,,,,,
SE_G1t8Z,,,,,,
SE_G9t12E,,,,,,
SE_G9t12M,,,,,,
SE_G9t12C,,,,,,
SE_G9t12P,,,,,,
SE_G9t12Z,,,,,,
SE_ClgGScE,,,,,,
SE_ClgGScM,,,,,,
SE_ClgGScC,,,,,,
SE_ClgGScP,,,,,,
SE_ClgGScZ,,,,,,
EA_P25plE,,,,,,
EA_P25plM,,,,,,
EA_P25plC,,,,,,
EA_P25plP,,,,,,
EA_P25plZ,,,,,,
EA_LT9GE,,,,,,
EA_LT9GM,,,,,,
EA_LT9GC,,,,,,
EA_LT9GP,,,,,,
EA_LT9GZ,,,,,,
EA_9t12NDE,,,,,,
EA_9t12NDM,,,,,,
EA_9t12NDC,,,,,,
EA_9t12NDP,,,,,,
EA_9t12NDZ,,,,,,
EA_HScGrdE,,,,,,
EA_HScGrdM,,,,,,
EA_HScGrdC,,,,,,
EA_HScGrdP,,,,,,
EA_HScGrdZ,,,,,,
EA_SClgNDE,,,,,,
EA_SClgNDM,,,,,,
EA_SClgNDC,,,,,,
EA_SClgNDP,,,,,,
EA_SClgNDZ,,,,,,
EA_AscDE,,,,,,
EA_AscDM,,,,,,
EA_AscDC,,,,,,
EA_AscDP,,,,,,
EA_AscDZ,,,,,,
EA_BchDE,,,,,,
EA_BchDM,,,,,,
EA_BchDC,,,,,,
EA_BchDP,,,,,,
EA_BchDZ,,,,,,
EA_GrdPfDE,,,,,,
EA_GrdPfDM,,,,,,
EA_GrdPfDC,,,,,,
EA_GrdPfDP,,,,,,
EA_GrdPfDZ,,,,,,
EA_LTHSGrE,,,,,,
EA_LTHSGrM,,,,,,
EA_LTHSGrC,,,,,,
EA_LTHSGrP,,,,,,
EA_LTHSGrZ,,,,,,
EA_BchDHE,,,,,,
EA_BchDHM,,,,,,
EA_BchDHC,,,,,,
EA_BchDHP,,,,,,
EA_BchDHZ,,,,,,
CvPop18plE,,,,,,
CvPop18plM,,,,,,
CvPop18plC,,,,,,
CvPop18plP,,,,,,
CvPop18plZ,,,,,,
CvVet18plE,,,,,,
CvVet18plM,,,,,,
CvVet18plC,,,,,,
CvVet18plP,,,,,,
CvVet18plZ,,,,,,
CvNIPop1E,,,,,,
CvNIPop1M,,,,,,
CvNIPop1C,,,,,,
CvNIPop1P,,,,,,
CvNIPop1Z,,,,,,
CvNIDE,,,,,,
CvNIDM,,,,,,
CvNIDC,,,,,,
CvNIDP,,,,,,
CvNIDZ,,,,,,
CvNID_HrgE,,,,,,
CvNID_HrgM,,,,,,
CvNID_HrgC,,,,,,
CvNID_HrgP,,,,,,
CvNID_HrgZ,,,,,,
CvNID_VsnE,,,,,,
CvNID_VsnM,,,,,,
CvNID_VsnC,,,,,,
CvNID_VsnP,,,,,,
CvNID_VsnZ,,,,,,
CvNID_CogE,,,,,,
CvNID_CogM,,,,,,
CvNID_CogC,,,,,,
CvNID_CogP,,,,,,
CvNID_CogZ,,,,,,
CvNID_AmbE,,,,,,
CvNID_AmbM,,,,,,
CvNID_AmbC,,,,,,
CvNID_AmbP,,,,,,
CvNID_AmbZ,,,,,,
CvNID_SCrE,,,,,,
CvNID_SCrM,,,,,,
CvNID_SCrC,,,,,,
CvNID_SCrP,,,,,,
CvNID_SCrZ,,,,,,
CvNID_ILDE,,,,,,
CvNID_ILDM,,,,,,
CvNID_ILDC,,,,,,
CvNID_ILDP,,,,,,
CvNID_ILDZ,,,,,,
CvNIU18_1E,,,,,,
CvNIU18_1M,,,,,,
CvNIU18_1C,,,,,,
CvNIU18_1P,,,,,,
CvNIU18_1Z,,,,,,
CvNIU18DE,,,,,,
CvNIU18DM,,,,,,
CvNIU18DC,,,,,,
CvNIU18DP,,,,,,
CvNIU18DZ,,,,,,
CU18DHrgE,,,,,,
CU18DHrgM,,,,,,
CU18DHrgC,,,,,,
CU18DHrgP,,,,,,
CU18DHrgZ,,,,,,
CU18DVsnE,,,,,,
CU18DVsnM,,,,,,
CU18DVsnC,,,,,,
CU18DVsnP,,,,,,
CU18DVsnZ,,,,,,
CU18DCogE,,,,,,
CU18DCogM,,,,,,
CU18DCogC,,,,,,
CU18DCogP,,,,,,
CU18DCogZ,,,,,,
CU18DAmbE,,,,,,
CU18DAmbM,,,,,,
CU18DAmbC,,,,,,
CU18DAmbP,,,,,,
CU18DAmbZ,,,,,,
CU18DSCrE,,,,,,
CU18DSCrM,,,,,,
CU18DSCrC,,,,,,
CU18DSCrP,,,,,,
CU18DSCrZ,,,,,,
CNI1864_1E,,,,,,
CNI1864_1M,,,,,,
CNI1864_1C,,,,,,
CNI1864_1P,,,,,,
CNI1864_1Z,,,,,,
CNI18t64DE,,,,,,
CNI18t64DM,,,,,,
CNI18t64DC,,,,,,
CNI18t64DP,,,,,,
CNI18t64DZ,,,,,,
C1864DHrgE,,,,,,
C1864DHrgM,,,,,,
C1864DHrgC,,,,,,
C1864DHrgP,,,,,,
C1864DHrgZ,,,,,,
C1864DVsnE,,,,,,
C1864DVsnM,,,,,,
C1864DVsnC,,,,,,
C1864DVsnP,,,,,,
C1864DVsnZ,,,,,,
C1864DCogE,,,,,,
C1864DCogM,,,,,,
C1864DCogC,,,,,,
C1864DCogP,,,,,,
C1864DCogZ,,,,,,
C1864DAmbE,,,,,,
C1864DAmbM,,,,,,
C1864DAmbC,,,,,,
C1864DAmbP,,,,,,
C1864DAmbZ,,,,,,
C1864DSCrE,,,,,,
C1864DSCrM,,,,,,
C1864DSCrC,,,,,,
C1864DSCrP,,,,,,
C1864DSCrZ,,,,,,
C1864DILDE,,,,,,
C1864DILDM,,,,,,
C1864DILDC,,,,,,
C1864DILDP,,,,,,
C1864DILDZ,,,,,,
CvNI65plE,,,,,,
CvNI65plM,,,,,,
CvNI65plC,,,,,,
CvNI65plP,,,,,,
CvNI65plZ,,,,,,
CvNI65plDE,,,,,,
CvNI65plDM,,,,,,
CvNI65plDC,,,,,,
CvNI65plDP,,,,,,
CvNI65plDZ,,,,,,
C65plDHrgE,,,,,,
C65plDHrgM,,,,,,
C65plDHrgC,,,,,,
C65plDHrgP,,,,,,
C65plDHrgZ,,,,,,
C65plDVsnE,,,,,,
C65plDVsnM,,,,,,
C65plDVsnC,,,,,,
C65plDVsnP,,,,,,
C65plDVsnZ,,,,,,
C65plDCogE,,,,,,
C65plDCogM,,,,,,
C65plDCogC,,,,,,
C65plDCogP,,,,,,
C65plDCogZ,,,,,,
C65plDAmbE,,,,,,
C65plDAmbM,,,,,,
C65plDAmbC,,,,,,
C65plDAmbP,,,,,,
C65plDAmbZ,,,,,,
C65plDSCrE,,,,,,
C65plDSCrM,,,,,,
C65plDSCrC,,,,,,
C65plDSCrP,,,,,,
C65plDSCrZ,,,,,,
C65plDILDE,,,,,,
C65plDILDM,,,,,,
C65plDILDC,,,,,,
C65plDILDP,,,,,,
C65plDILDZ,,,,,,
Pop1plE,,,,,,
Pop1plM,,,,,,
Pop1plC,,,,,,
Pop1plP,,,,,,
Pop1plZ,,,,,,
SmHsE,,,,,,
SmHsM,,,,,,
SmHsC,,,,,,
SmHsP,,,,,,
SmHsZ,,,,,,
DfHsUSE,,,,,,
DfHsUSM,,,,,,
DfHsUSC,,,,,,
DfHsUSP,,,,,,
DfHsUSZ,,,,,,
DfHsSmCntE,,,,,,
DfHsSmCntM,,,,,,
DfHsSmCntC,,,,,,
DfHsSmCntP,,,,,,
DfHsSmCntZ,,,,,,
DfHsDfCntE,,,,,,
DfHsDfCntM,,,,,,
DfHsDfCntC,,,,,,
DfHsDfCntP,,,,,,
DfHsDfCntZ,,,,,,
DHWinNYSE,,,,,,
DHWinNYSM,,,,,,
DHWinNYSC,,,,,,
DHWinNYSP,,,,,,
DHWinNYSZ,,,,,,
DHWinNYCE,,,,,,
DHWinNYCM,,,,,,
DHWinNYCC,,,,,,
DHWinNYCP,,,,,,
DHWinNYCZ,,,,,,
DHNYSONYCE,,,,,,
DHNYSONYCM,,,,,,
DHNYSONYCC,,,,,,
DHNYSONYCP,,,,,,
DHNYSONYCZ,,,,,,
DHUSNoNYSE,,,,,,
DHUSNoNYSM,,,,,,
DHUSNoNYSC,,,,,,
DHUSNoNYSP,,,,,,
DHUSNoNYSZ,,,,,,
AbroadE,,,,,,
AbroadM,,,,,,
AbroadC,,,,,,
AbroadP,,,,,,
AbroadZ,,,,,,
Pop_4E,,,,,,
Pop_4M,,,,,,
Pop_4C,,,,,,
Pop_4P,,,,,,
Pop_4Z,,,,,,
NtvE,,,,,,
NtvM,,,,,,
NtvC,,,,,,
NtvP,,,,,,
NtvZ,,,,,,
NtvUSE,,,,,,
NtvUSM,,,,,,
NtvUSC,,,,,,
NtvUSP,,,,,,
NtvUSZ,,,,,,
NtvNYSE,,,,,,
NtvNYSM,,,,,,
NtvNYSC,,,,,,
NtvNYSP,,,,,,
NtvNYSZ,,,,,,
NtvNotNYSE,,,,,,
NtvNotNYSM,,,,,,
NtvNotNYSC,,,,,,
NtvNotNYSP,,,,,,
NtvNotNYSZ,,,,,,
NtvPRUSAbE,,,,,,
NtvPRUSAbM,,,,,,
NtvPRUSAbC,,,,,,
NtvPRUSAbP,,,,,,
NtvPRUSAbZ,,,,,,
Fb1E,,,,,,
Fb1M,,,,,,
Fb1C,,,,,,
Fb1P,,,,,,
Fb1Z,,,,,,
Fb2E,,,,,,
Fb2M,,,,,,
Fb2C,,,,,,
Fb2P,,,,,,
Fb2Z,,,,,,
EurE,,,,,,
EurM,,,,,,
EurC,,,,,,
EurP,,,,,,
EurZ,,,,,,
NEurE,,,,,,
NEurM,,,,,,
NEurC,,,,,,
NEurP,,,,,,
NEurZ,,,,,,
UntdKgdmE,,,,,,
UntdKgdmM,,,,,,
UntdKgdmC,,,,,,
UntdKgdmP,,,,,,
UntdKgdmZ,,,,,,
UKnoEngScE,,,,,,
UKnoEngScM,,,,,,
UKnoEngScC,,,,,,
UKnoEngScP,,,,,,
UKnoEngScZ,,,,,,
EngE,,,,,,
EngM,,,,,,
EngC,,,,,,
EngP,,,,,,
EngZ,,,,,,
ScotE,,,,,,
ScotM,,,,,,
ScotC,,,,,,
ScotP,,,,,,
ScotZ,,,,,,
IrelandE,,,,,,
IrelandM,,,,,,
IrelandC,,,,,,
IrelandP,,,,,,
IrelandZ,,,,,,
DenmarkE,,,,,,
DenmarkM,,,,,,
DenmarkC,,,,,,
DenmarkP,,,,,,
DenmarkZ,,,,,,
NorwayE,,,,,,
NorwayM,,,,,,
NorwayC,,,,,,
NorwayP,,,,,,
NorwayZ,,,,,,
SwedenE,,,,,,
SwedenM,,,,,,
SwedenC,,,,,,
SwedenP,,,,,,
SwedenZ,,,,,,
ONEurE,,,,,,
ONEurM,,,,,,
ONEurC,,,,,,
ONEurP,,,,,,
ONEurZ,,,,,,
WEurE,,,,,,
WEurM,,,,,,
WEurC,,,,,,
WEurP,,,,,,
WEurZ,,,,,,
AustriaE,,,,,,
AustriaM,,,,,,
AustriaC,,,,,,
AustriaP,,,,,,
AustriaZ,,,,,,
BelgiumE,,,,,,
BelgiumM,,,,,,
BelgiumC,,,,,,
BelgiumP,,,,,,
BelgiumZ,,,,,,
FranceE,,,,,,
FranceM,,,,,,
FranceC,,,,,,
FranceP,,,,,,
FranceZ,,,,,,
GermanyE,,,,,,
GermanyM,,,,,,
GermanyC,,,,,,
GermanyP,,,,,,
GermanyZ,,,,,,
NthrldsE,,,,,,
NthrldsM,,,,,,
NthrldsC,,,,,,
NthrldsP,,,,,,
NthrldsZ,,,,,,
SwitzrldE,,,,,,
SwitzrldM,,,,,,
SwitzrldC,,,,,,
SwitzrldP,,,,,,
SwitzrldZ,,,,,,
OWEurE,,,,,,
OWEurM,,,,,,
OWEurC,,,,,,
OWEurP,,,,,,
OWEurZ,,,,,,
SEurE,,,,,,
SEurM,,,,,,
SEurC,,,,,,
SEurP,,,,,,
SEurZ,,,,,,
GreeceE,,,,,,
GreeceM,,,,,,
GreeceC,,,,,,
GreeceP,,,,,,
GreeceZ,,,,,,
ItalyE,,,,,,
ItalyM,,,,,,
ItalyC,,,,,,
ItalyP,,,,,,
ItalyZ,,,,,,
PortugalE,,,,,,
PortugalM,,,,,,
PortugalC,,,,,,
PortugalP,,,,,,
PortugalZ,,,,,,
SpainE,,,,,,
SpainM,,,,,,
SpainC,,,,,,
SpainP,,,,,,
SpainZ,,,,,,
OSEurE,,,,,,
OSEurM,,,,,,
OSEurC,,,,,,
OSEurP,,,,,,
OSEurZ,,,,,,
EEurE,,,,,,
EEurM,,,,,,
EEurC,,,,,,
EEurP,,,,,,
EEurZ,,,,,,
AlbaniaE,,,,,,
AlbaniaM,,,,,,
AlbaniaC,,,,,,
AlbaniaP,,,,,,
AlbaniaZ,,,,,,
BelarusE,,,,,,
BelarusM,,,,,,
BelarusC,,,,,,
BelarusP,,,,,,
BelarusZ,,,,,,
BulgariaE,,,,,,
BulgariaM,,,,,,
BulgariaC,,,,,,
BulgariaP,,,,,,
BulgariaZ,,,,,,
CroatiaE,,,,,,
CroatiaM,,,,,,
CroatiaC,,,,,,
CroatiaP,,,,,,
CroatiaZ,,,,,,
CzchslvE,,,,,,
CzchslvM,,,,,,
CzchslvC,,,,,,
CzchslvP,,,,,,
CzchslvZ,,,,,,
HungaryE,,,,,,
HungaryM,,,,,,
HungaryC,,,,,,
HungaryP,,,,,,
HungaryZ,,,,,,
LatviaE,,,,,,
LatviaM,,,,,,
LatviaC,,,,,,
LatviaP,,,,,,
LatviaZ,,,,,,
LthuaniaE,,,,,,
LthuaniaM,,,,,,
LthuaniaC,,,,,,
LthuaniaP,,,,,,
LthuaniaZ,,,,,,
McdoniaE,,,,,,
McdoniaM,,,,,,
McdoniaC,,,,,,
McdoniaP,,,,,,
McdoniaZ,,,,,,
MoldovaE,,,,,,
MoldovaM,,,,,,
MoldovaC,,,,,,
MoldovaP,,,,,,
MoldovaZ,,,,,,
PolandE,,,,,,
PolandM,,,,,,
PolandC,,,,,,
PolandP,,,,,,
PolandZ,,,,,,
RomaniaE,,,,,,
RomaniaM,,,,,,
RomaniaC,,,,,,
RomaniaP,,,,,,
RomaniaZ,,,,,,
RussiaE,,,,,,
RussiaM,,,,,,
RussiaC,,,,,,
RussiaP,,,,,,
RussiaZ,,,,,,
UkraineE,,,,,,
UkraineM,,,,,,
UkraineC,,,,,,
UkraineP,,,,,,
UkraineZ,,,,,,
BosniaHE,,,,,,
BosniaHM,,,,,,
BosniaHC,,,,,,
BosniaHP,,,,,,
BosniaHZ,,,,,,
SerbiaE,,,,,,
SerbiaM,,,,,,
SerbiaC,,,,,,
SerbiaP,,,,,,
SerbiaZ,,,,,,
OEEurE,,,,,,
OEEurM,,,,,,
OEEurC,,,,,,
OEEurP,,,,,,
OEEurZ,,,,,,
EurNECE,,,,,,
EurNECM,,,,,,
EurNECC,,,,,,
EurNECP,,,,,,
EurNECZ,,,,,,
AsiaE,,,,,,
AsiaM,,,,,,
AsiaC,,,,,,
AsiaP,,,,,,
AsiaZ,,,,,,
EAsiaE,,,,,,
EAsiaM,,,,,,
EAsiaC,,,,,,
EAsiaP,,,,,,
EAsiaZ,,,,,,
ChinaE,,,,,,
ChinaM,,,,,,
ChinaC,,,,,,
ChinaP,,,,,,
ChinaZ,,,,,,
ChNoHKTwnE,,,,,,
ChNoHKTwnM,,,,,,
ChNoHKTwnC,,,,,,
ChNoHKTwnP,,,,,,
ChNoHKTwnZ,,,,,,
HongKongE,,,,,,
HongKongM,,,,,,
HongKongC,,,,,,
HongKongP,,,,,,
HongKongZ,,,,,,
TaiwanE,,,,,,
TaiwanM,,,,,,
TaiwanC,,,,,,
TaiwanP,,,,,,
TaiwanZ,,,,,,
JapanE,,,,,,
JapanM,,,,,,
JapanC,,,,,,
JapanP,,,,,,
JapanZ,,,,,,
KoreaE,,,,,,
KoreaM,,,,,,
KoreaC,,,,,,
KoreaP,,,,,,
KoreaZ,,,,,,
OEAsiaE,,,,,,
OEAsiaM,,,,,,
OEAsiaC,,,,,,
OEAsiaP,,,,,,
OEAsiaZ,,,,,,
SCAsiaE,,,,,,
SCAsiaM,,,,,,
SCAsiaC,,,,,,
SCAsiaP,,,,,,
SCAsiaZ,,,,,,
AfghanE,,,,,,
AfghanM,,,,,,
AfghanC,,,,,,
AfghanP,,,,,,
AfghanZ,,,,,,
BngldshE,,,,,,
BngldshM,,,,,,
BngldshC,,,,,,
BngldshP,,,,,,
BngldshZ,,,,,,
IndiaE,,,,,,
IndiaM,,,,,,
IndiaC,,,,,,
IndiaP,,,,,,
IndiaZ,,,,,,
IranE,,,,,,
IranM,,,,,,
IranC,,,,,,
IranP,,,,,,
IranZ,,,,,,
KzkhstanE,,,,,,
KzkhstanM,,,,,,
KzkhstanC,,,,,,
KzkhstanP,,,,,,
KzkhstanZ,,,,,,
NepalE,,,,,,
NepalM,,,,,,
NepalC,,,,,,
NepalP,,,,,,
NepalZ,,,,,,
PakistanE,,,,,,
PakistanM,,,,,,
PakistanC,,,,,,
PakistanP,,,,,,
PakistanZ,,,,,,
SriLankaE,,,,,,
SriLankaM,,,,,,
SriLankaC,,,,,,
SriLankaP,,,,,,
SriLankaZ,,,,,,
UzbkstanE,,,,,,
UzbkstanM,,,,,,
UzbkstanC,,,,,,
UzbkstanP,,,,,,
UzbkstanZ,,,,,,
OSCAsiaE,,,,,,
OSCAsiaM,,,,,,
OSCAsiaC,,,,,,
OSCAsiaP,,,,,,
OSCAsiaZ,,,,,,
SEAsiaE,,,,,,
SEAsiaM,,,,,,
SEAsiaC,,,,,,
SEAsiaP,,,,,,
SEAsiaZ,,,,,,
CambodiaE,,,,,,
CambodiaM,,,,,,
CambodiaC,,,,,,
CambodiaP,,,,,,
CambodiaZ,,,,,,
IndnsiaE,,,,,,
IndnsiaM,,,,,,
IndnsiaC,,,,,,
IndnsiaP,,,,,,
IndnsiaZ,,,,,,
LaosE,,,,,,
LaosM,,,,,,
LaosC,,,,,,
LaosP,,,,,,
LaosZ,,,,,,
MalaysiaE,,,,,,
MalaysiaM,,,,,,
MalaysiaC,,,,,,
MalaysiaP,,,,,,
MalaysiaZ,,,,,,
BurmaE,,,,,,
BurmaM,,,,,,
BurmaC,,,,,,
BurmaP,,,,,,
BurmaZ,,,,,,
PhilipnsE,,,,,,
PhilipnsM,,,,,,
PhilipnsC,,,,,,
PhilipnsP,,,,,,
PhilipnsZ,,,,,,
SngaporeE,,,,,,
SngaporeM,,,,,,
SngaporeC,,,,,,
SngaporeP,,,,,,
SngaporeZ,,,,,,
ThailandE,,,,,,
ThailandM,,,,,,
ThailandC,,,,,,
ThailandP,,,,,,
ThailandZ,,,,,,
VietnamE,,,,,,
VietnamM,,,,,,
VietnamC,,,,,,
VietnamP,,,,,,
VietnamZ,,,,,,
OSEAsiaE,,,,,,
OSEAsiaM,,,,,,
OSEAsiaC,,,,,,
OSEAsiaP,,,,,,
OSEAsiaZ,,,,,,
WAsiaE,,,,,,
WAsiaM,,,,,,
WAsiaC,,,,,,
WAsiaP,,,,,,
WAsiaZ,,,,,,
IraqE,,,,,,
IraqM,,,,,,
IraqC,,,,,,
IraqP,,,,,,
IraqZ,,,,,,
IsraelE,,,,,,
IsraelM,,,,,,
IsraelC,,,,,,
IsraelP,,,,,,
IsraelZ,,,,,,
JordanE,,,,,,
JordanM,,,,,,
JordanC,,,,,,
JordanP,,,,,,
JordanZ,,,,,,
KuwaitE,,,,,,
KuwaitM,,,,,,
KuwaitC,,,,,,
KuwaitP,,,,,,
KuwaitZ,,,,,,
LebanonE,,,,,,
LebanonM,,,,,,
LebanonC,,,,,,
LebanonP,,,,,,
LebanonZ,,,,,,
SaudiArE,,,,,,
SaudiArM,,,,,,
SaudiArC,,,,,,
SaudiArP,,,,,,
SaudiArZ,,,,,,
SyriaE,,,,,,
SyriaM,,,,,,
SyriaC,,,,,,
SyriaP,,,,,,
SyriaZ,,,,,,
YemenE,,,,,,
YemenM,,,,,,
YemenC,,,,,,
YemenP,,,,,,
YemenZ,,,,,,
TurkeyE,,,,,,
TurkeyM,,,,,,
TurkeyC,,,,,,
TurkeyP,,,,,,
TurkeyZ,,,,,,
ArmeniaE,,,,,,
ArmeniaM,,,,,,
ArmeniaC,,,,,,
ArmeniaP,,,,,,
ArmeniaZ,,,,,,
OWAsiaE,,,,,,
OWAsiaM,,,,,,
OWAsiaC,,,,,,
OWAsiaP,,,,,,
OWAsiaZ,,,,,,
AsiaNECE,,,,,,
AsiaNECM,,,,,,
AsiaNECC,,,,,,
AsiaNECP,,,,,,
AsiaNECZ,,,,,,
AfrE,,,,,,
AfrM,,,,,,
AfrC,,,,,,
AfrP,,,,,,
AfrZ,,,,,,
EAfrE,,,,,,
EAfrM,,,,,,
EAfrC,,,,,,
EAfrP,,,,,,
EAfrZ,,,,,,
EritreaE,,,,,,
EritreaM,,,,,,
EritreaC,,,,,,
EritreaP,,,,,,
EritreaZ,,,,,,
EthiopiaE,,,,,,
EthiopiaM,,,,,,
EthiopiaC,,,,,,
EthiopiaP,,,,,,
EthiopiaZ,,,,,,
KenyaE,,,,,,
KenyaM,,,,,,
KenyaC,,,,,,
KenyaP,,,,,,
KenyaZ,,,,,,
OEAfrE,,,,,,
OEAfrM,,,,,,
OEAfrC,,,,,,
OEAfrP,,,,,,
OEAfrZ,,,,,,
MAfrE,,,,,,
MAfrM,,,,,,
MAfrC,,,,,,
MAfrP,,,,,,
MAfrZ,,,,,,
CameroonE,,,,,,
CameroonM,,,,,,
CameroonC,,,,,,
CameroonP,,,,,,
CameroonZ,,,,,,
OMAfrE,,,,,,
OMAfrM,,,,,,
OMAfrC,,,,,,
OMAfrP,,,,,,
OMAfrZ,,,,,,
NAfrE,,,,,,
NAfrM,,,,,,
NAfrC,,,,,,
NAfrP,,,,,,
NAfrZ,,,,,,
EgyptE,,,,,,
EgyptM,,,,,,
EgyptC,,,,,,
EgyptP,,,,,,
EgyptZ,,,,,,
MoroccoE,,,,,,
MoroccoM,,,,,,
MoroccoC,,,,,,
MoroccoP,,,,,,
MoroccoZ,,,,,,
SudanE,,,,,,
SudanM,,,,,,
SudanC,,,,,,
SudanP,,,,,,
SudanZ,,,,,,
ONAfrE,,,,,,
ONAfrM,,,,,,
ONAfrC,,,,,,
ONAfrP,,,,,,
ONAfrZ,,,,,,
SthrnAfrE,,,,,,
SthrnAfrM,,,,,,
SthrnAfrC,,,,,,
SthrnAfrP,,,,,,
SthrnAfrZ,,,,,,
SthAfrcaE,,,,,,
SthAfrcaM,,,,,,
SthAfrcaC,,,,,,
SthAfrcaP,,,,,,
SthAfrcaZ,,,,,,
OSthrnAfrE,,,,,,
OSthrnAfrM,,,,,,
OSthrnAfrC,,,,,,
OSthrnAfrP,,,,,,
OSthrnAfrZ,,,,,,
WAfrE,,,,,,
WAfrM,,,,,,
WAfrC,,,,,,
WAfrP,,,,,,
WAfrZ,,,,,,
CaboVerdE,,,,,,
CaboVerdM,,,,,,
CaboVerdC,,,,,,
CaboVerdP,,,,,,
CaboVerdZ,,,,,,
GhanaE,,,,,,
GhanaM,,,,,,
GhanaC,,,,,,
GhanaP,,,,,,
GhanaZ,,,,,,
LiberiaE,,,,,,
LiberiaM,,,,,,
LiberiaC,,,,,,
LiberiaP,,,,,,
LiberiaZ,,,,,,
NigeriaE,,,,,,
NigeriaM,,,,,,
NigeriaC,,,,,,
NigeriaP,,,,,,
NigeriaZ,,,,,,
SierraLE,,,,,,
SierraLM,,,,,,
SierraLC,,,,,,
SierraLP,,,,,,
SierraLZ,,,,,,
OWAfrE,,,,,,
OWAfrM,,,,,,
OWAfrC,,,,,,
OWAfrP,,,,,,
OWAfrZ,,,,,,
AfrNECE,,,,,,
AfrNECM,,,,,,
AfrNECC,,,,,,
AfrNECP,,,,,,
AfrNECZ,,,,,,
OceaniaE,,,,,,
OceaniaM,,,,,,
OceaniaC,,,,,,
OceaniaP,,,,,,
OceaniaZ,,,,,,
AusNZSbRE,,,,,,
AusNZSbRM,,,,,,
AusNZSbRC,,,,,,
AusNZSbRP,,,,,,
AusNZSbRZ,,,,,,
AustrliaE,,,,,,
AustrliaM,,,,,,
AustrliaC,,,,,,
AustrliaP,,,,,,
AustrliaZ,,,,,,
OAusNZSbRE,,,,,,
OAusNZSbRM,,,,,,
OAusNZSbRC,,,,,,
OAusNZSbRP,,,,,,
OAusNZSbRZ,,,,,,
FijiE,,,,,,
FijiM,,,,,,
FijiC,,,,,,
FijiP,,,,,,
FijiZ,,,,,,
OcniaNECE,,,,,,
OcniaNECM,,,,,,
OcniaNECC,,,,,,
OcniaNECP,,,,,,
OcniaNECZ,,,,,,
AmricasE,,,,,,
AmricasM,,,,,,
AmricasC,,,,,,
AmricasP,,,,,,
AmricasZ,,,,,,
LAmE,,,,,,
LAmM,,,,,,
LAmC,,,,,,
LAmP,,,,,,
LAmZ,,,,,,
CaribE,,,,,,
CaribM,,,,,,
CaribC,,,,,,
CaribP,,,,,,
CaribZ,,,,,,
BahamasE,,,,,,
BahamasM,,,,,,
BahamasC,,,,,,
BahamasP,,,,,,
BahamasZ,,,,,,
BarbadosE,,,,,,
BarbadosM,,,,,,
BarbadosC,,,,,,
BarbadosP,,,,,,
BarbadosZ,,,,,,
CubaE,,,,,,
CubaM,,,,,,
CubaC,,,,,,
CubaP,,,,,,
CubaZ,,,,,,
DominicaE,,,,,,
DominicaM,,,,,,
DominicaC,,,,,,
DominicaP,,,,,,
DominicaZ,,,,,,
DomRepE,,,,,,
DomRepM,,,,,,
DomRepC,,,,,,
DomRepP,,,,,,
DomRepZ,,,,,,
GrenadaE,,,,,,
GrenadaM,,,,,,
GrenadaC,,,,,,
GrenadaP,,,,,,
GrenadaZ,,,,,,
HaitiE,,,,,,
HaitiM,,,,,,
HaitiC,,,,,,
HaitiP,,,,,,
HaitiZ,,,,,,
JamaicaE,,,,,,
JamaicaM,,,,,,
JamaicaC,,,,,,
JamaicaP,,,,,,
JamaicaZ,,,,,,
StVGrenE,,,,,,
StVGrenM,,,,,,
StVGrenC,,,,,,
StVGrenP,,,,,,
StVGrenZ,,,,,,
TrAndTobE,,,,,,
TrAndTobM,,,,,,
TrAndTobC,,,,,,
TrAndTobP,,,,,,
TrAndTobZ,,,,,,
WIndiesE,,,,,,
WIndiesM,,,,,,
WIndiesC,,,,,,
WIndiesP,,,,,,
WIndiesZ,,,,,,
OCaribE,,,,,,
OCaribM,,,,,,
OCaribC,,,,,,
OCaribP,,,,,,
OCaribZ,,,,,,
CAmE,,,,,,
CAmM,,,,,,
CAmC,,,,,,
CAmP,,,,,,
CAmZ,,,,,,
MexicoE,,,,,,
MexicoM,,,,,,
MexicoC,,,,,,
MexicoP,,,,,,
MexicoZ,,,,,,
BelizeE,,,,,,
BelizeM,,,,,,
BelizeC,,,,,,
BelizeP,,,,,,
BelizeZ,,,,,,
CstaRicaE,,,,,,
CstaRicaM,,,,,,
CstaRicaC,,,,,,
CstaRicaP,,,,,,
CstaRicaZ,,,,,,
ElSlvdrE,,,,,,
ElSlvdrM,,,,,,
ElSlvdrC,,,,,,
ElSlvdrP,,,,,,
ElSlvdrZ,,,,,,
GuatmalaE,,,,,,
GuatmalaM,,,,,,
GuatmalaC,,,,,,
GuatmalaP,,,,,,
GuatmalaZ,,,,,,
HondurasE,,,,,,
HondurasM,,,,,,
HondurasC,,,,,,
HondurasP,,,,,,
HondurasZ,,,,,,
NicarguaE,,,,,,
NicarguaM,,,,,,
NicarguaC,,,,,,
NicarguaP,,,,,,
NicarguaZ,,,,,,
PanamaE,,,,,,
PanamaM,,,,,,
PanamaC,,,,,,
PanamaP,,,,,,
PanamaZ,,,,,,
OCAmE,,,,,,
OCAmM,,,,,,
OCAmC,,,,,,
OCAmP,,,,,,
OCAmZ,,,,,,
SAmE,,,,,,
SAmM,,,,,,
SAmC,,,,,,
SAmP,,,,,,
SAmZ,,,,,,
ArgntinaE,,,,,,
ArgntinaM,,,,,,
ArgntinaC,,,,,,
ArgntinaP,,,,,,
ArgntinaZ,,,,,,
BoliviaE,,,,,,
BoliviaM,,,,,,
BoliviaC,,,,,,
BoliviaP,,,,,,
BoliviaZ,,,,,,
BrazilE,,,,,,
BrazilM,,,,,,
BrazilC,,,,,,
BrazilP,,,,,,
BrazilZ,,,,,,
ChileE,,,,,,
ChileM,,,,,,
ChileC,,,,,,
ChileP,,,,,,
ChileZ,,,,,,
ColombiaE,,,,,,
ColombiaM,,,,,,
ColombiaC,,,,,,
ColombiaP,,,,,,
ColombiaZ,,,,,,
EcuadorE,,,,,,
EcuadorM,,,,,,
EcuadorC,,,,,,
EcuadorP,,,,,,
EcuadorZ,,,,,,
GuyanaE,,,,,,
GuyanaM,,,,,,
GuyanaC,,,,,,
GuyanaP,,,,,,
GuyanaZ,,,,,,
PeruE,,,,,,
PeruM,,,,,,
PeruC,,,,,,
PeruP,,,,,,
PeruZ,,,,,,
UruguayE,,,,,,
UruguayM,,,,,,
UruguayC,,,,,,
UruguayP,,,,,,
UruguayZ,,,,,,
VnzuelaE,,,,,,
VnzuelaM,,,,,,
VnzuelaC,,,,,,
VnzuelaP,,,,,,
VnzuelaZ,,,,,,
OSAmE,,,,,,
OSAmM,,,,,,
OSAmC,,,,,,
OSAmP,,,,,,
OSAmZ,,,,,,
NAmE,,,,,,
NAmM,,,,,,
NAmC,,,,,,
NAmP,,,,,,
NAmZ,,,,,,
CanadaE,,,,,,
CanadaM,,,,,,
CanadaC,,,,,,
CanadaP,,,,,,
CanadaZ,,,,,,
ONAmE,,,,,,
ONAmM,,,,,,
ONAmC,,,,,,
ONAmP,,,,,,
ONAmZ,,,,,,
Fb3E,,,,,,
Fb3M,,,,,,
Fb3C,,,,,,
Fb3P,,,,,,
Fb3Z,,,,,,
FbNtlzdE,,,,,,
FbNtlzdM,,,,,,
FbNtlzdC,,,,,,
FbNtlzdP,,,,,,
FbNtlzdZ,,,,,,
FbNotCznE,,,,,,
FbNotCznM,,,,,,
FbNotCznC,,,,,,
FbNotCznP,,,,,,
FbNotCznZ,,,,,,
Fb4E,,,,,,
Fb4M,,,,,,
Fb4C,,,,,,
Fb4P,,,,,,
Fb4Z,,,,,,
Fb2000LtrE,,,,,,
Fb2000LtrM,,,,,,
Fb2000LtrC,,,,,,
Fb2000LtrP,,,,,,
Fb2000LtrZ,,,,,,
Pop5pl1E,,,,,,
Pop5pl1M,,,,,,
Pop5pl1C,,,,,,
Pop5pl1P,,,,,,
Pop5pl1Z,,,,,,
EngOnly1E,,,,,,
EngOnly1M,,,,,,
EngOnly1C,,,,,,
EngOnly1P,,,,,,
EngOnly1Z,,,,,,
LgOEng1E,,,,,,
LgOEng1M,,,,,,
LgOEng1C,,,,,,
LgOEng1P,,,,,,
LgOEng1Z,,,,,,
LgOEnLEP1E,,,,,,
LgOEnLEP1M,,,,,,
LgOEnLEP1C,,,,,,
LgOEnLEP1P,,,,,,
LgOEnLEP1Z,,,,,,
LgSp1E,,,,,,
LgSp1M,,,,,,
LgSp1C,,,,,,
LgSp1P,,,,,,
LgSp1Z,,,,,,
LgSpLEP1E,,,,,,
LgSpLEP1M,,,,,,
LgSpLEP1C,,,,,,
LgSpLEP1P,,,,,,
LgSpLEP1Z,,,,,,
LgFr1E,,,,,,
LgFr1M,,,,,,
LgFr1C,,,,,,
LgFr1P,,,,,,
LgFr1Z,,,,,,
LgFrLEP1E,,,,,,
LgFrLEP1M,,,,,,
LgFrLEP1C,,,,,,
LgFrLEP1P,,,,,,
LgFrLEP1Z,,,,,,
LgFrCr1E,,,,,,
LgFrCr1M,,,,,,
LgFrCr1C,,,,,,
LgFrCr1P,,,,,,
LgFrCr1Z,,,,,,
LgFrCLEP1E,,,,,,
LgFrCLEP1M,,,,,,
LgFrCLEP1C,,,,,,
LgFrCLEP1P,,,,,,
LgFrCLEP1Z,,,,,,
LgIt1E,,,,,,
LgIt1M,,,,,,
LgIt1C,,,,,,
LgIt1P,,,,,,
LgIt1Z,,,,,,
LgItLEP1E,,,,,,
LgItLEP1M,,,,,,
LgItLEP1C,,,,,,
LgItLEP1P,,,,,,
LgItLEP1Z,,,,,,
LgPrt1E,,,,,,
LgPrt1M,,,,,,
LgPrt1C,,,,,,
LgPrt1P,,,,,,
LgPrt1Z,,,,,,
LgPrtLEP1E,,,,,,
LgPrtLEP1M,,,,,,
LgPrtLEP1C,,,,,,
LgPrtLEP1P,,,,,,
LgPrtLEP1Z,,,,,,
LgGrm1E,,,,,,
LgGrm1M,,,,,,
LgGrm1C,,,,,,
LgGrm1P,,,,,,
LgGrm1Z,,,,,,
LgGrmLEP1E,,,,,,
LgGrmLEP1M,,,,,,
LgGrmLEP1C,,,,,,
LgGrmLEP1P,,,,,,
LgGrmLEP1Z,,,,,,
LgYid1E,,,,,,
LgYid1M,,,,,,
LgYid1C,,,,,,
LgYid1P,,,,,,
LgYid1Z,,,,,,
LgYidLEP1E,,,,,,
LgYidLEP1M,,,,,,
LgYidLEP1C,,,,,,
LgYidLEP1P,,,,,,
LgYidLEP1Z,,,,,,
LgOWG1E,,,,,,
LgOWG1M,,,,,,
LgOWG1C,,,,,,
LgOWG1P,,,,,,
LgOWG1Z,,,,,,
LgOWGLEP1E,,,,,,
LgOWGLEP1M,,,,,,
LgOWGLEP1C,,,,,,
LgOWGLEP1P,,,,,,
LgOWGLEP1Z,,,,,,
LgScd1E,,,,,,
LgScd1M,,,,,,
LgScd1C,,,,,,
LgScd1P,,,,,,
LgScd1Z,,,,,,
LgScdLEP1E,,,,,,
LgScdLEP1M,,,,,,
LgScdLEP1C,,,,,,
LgScdLEP1P,,,,,,
LgScdLEP1Z,,,,,,
LgGrk1E,,,,,,
LgGrk1M,,,,,,
LgGrk1C,,,,,,
LgGrk1P,,,,,,
LgGrk1Z,,,,,,
LgGrkLEP1E,,,,,,
LgGrkLEP1M,,,,,,
LgGrkLEP1C,,,,,,
LgGrkLEP1P,,,,,,
LgGrkLEP1Z,,,,,,
LgRus1E,,,,,,
LgRus1M,,,,,,
LgRus1C,,,,,,
LgRus1P,,,,,,
LgRus1Z,,,,,,
LgRusLEP1E,,,,,,
LgRusLEP1M,,,,,,
LgRusLEP1C,,,,,,
LgRusLEP1P,,,,,,
LgRusLEP1Z,,,,,,
LgPol1E,,,,,,
LgPol1M,,,,,,
LgPol1C,,,,,,
LgPol1P,,,,,,
LgPol1Z,,,,,,
LgPolLEP1E,,,,,,
LgPolLEP1M,,,,,,
LgPolLEP1C,,,,,,
LgPolLEP1P,,,,,,
LgPolLEP1Z,,,,,,
LgSCr1E,,,,,,
LgSCr1M,,,,,,
LgSCr1C,,,,,,
LgSCr1P,,,,,,
LgSCr1Z,,,,,,
LgSCrLEP1E,,,,,,
LgSCrLEP1M,,,,,,
LgSCrLEP1C,,,,,,
LgSCrLEP1P,,,,,,
LgSCrLEP1Z,,,,,,
LgOSlv1E,,,,,,
LgOSlv1M,,,,,,
LgOSlv1C,,,,,,
LgOSlv1P,,,,,,
LgOSlv1Z,,,,,,
LgOSvLEP1E,,,,,,
LgOSvLEP1M,,,,,,
LgOSvLEP1C,,,,,,
LgOSvLEP1P,,,,,,
LgOSvLEP1Z,,,,,,
LgArm1E,,,,,,
LgArm1M,,,,,,
LgArm1C,,,,,,
LgArm1P,,,,,,
LgArm1Z,,,,,,
LgArmLEP1E,,,,,,
LgArmLEP1M,,,,,,
LgArmLEP1C,,,,,,
LgArmLEP1P,,,,,,
LgArmLEP1Z,,,,,,
LgPrs1E,,,,,,
LgPrs1M,,,,,,
LgPrs1C,,,,,,
LgPrs1P,,,,,,
LgPrs1Z,,,,,,
LgPrsLEP1E,,,,,,
LgPrsLEP1M,,,,,,
LgPrsLEP1C,,,,,,
LgPrsLEP1P,,,,,,
LgPrsLEP1Z,,,,,,
LgGuj1E,,,,,,
LgGuj1M,,,,,,
LgGuj1C,,,,,,
LgGuj1P,,,,,,
LgGuj1Z,,,,,,
LgGujLEP1E,,,,,,
LgGujLEP1M,,,,,,
LgGujLEP1C,,,,,,
LgGujLEP1P,,,,,,
LgGujLEP1Z,,,,,,
LgHdi1E,,,,,,
LgHdi1M,,,,,,
LgHdi1C,,,,,,
LgHdi1P,,,,,,
LgHdi1Z,,,,,,
LgHdiLEP1E,,,,,,
LgHdiLEP1M,,,,,,
LgHdiLEP1C,,,,,,
LgHdiLEP1P,,,,,,
LgHdiLEP1Z,,,,,,
LgUrd1E,,,,,,
LgUrd1M,,,,,,
LgUrd1C,,,,,,
LgUrd1P,,,,,,
LgUrd1Z,,,,,,
LgUrdLEP1E,,,,,,
LgUrdLEP1M,,,,,,
LgUrdLEP1C,,,,,,
LgUrdLEP1P,,,,,,
LgUrdLEP1Z,,,,,,
LgOInd1E,,,,,,
LgOInd1M,,,,,,
LgOInd1C,,,,,,
LgOInd1P,,,,,,
LgOInd1Z,,,,,,
LgOInLEP1E,,,,,,
LgOInLEP1M,,,,,,
LgOInLEP1C,,,,,,
LgOInLEP1P,,,,,,
LgOInLEP1Z,,,,,,
LgOIEu1E,,,,,,
LgOIEu1M,,,,,,
LgOIEu1C,,,,,,
LgOIEu1P,,,,,,
LgOIEu1Z,,,,,,
LgOIELEP1E,,,,,,
LgOIELEP1M,,,,,,
LgOIELEP1C,,,,,,
LgOIELEP1P,,,,,,
LgOIELEP1Z,,,,,,
LgChi1E,,,,,,
LgChi1M,,,,,,
LgChi1C,,,,,,
LgChi1P,,,,,,
LgChi1Z,,,,,,
LgChiLEP1E,,,,,,
LgChiLEP1M,,,,,,
LgChiLEP1C,,,,,,
LgChiLEP1P,,,,,,
LgChiLEP1Z,,,,,,
LgJap1E,,,,,,
LgJap1M,,,,,,
LgJap1C,,,,,,
LgJap1P,,,,,,
LgJap1Z,,,,,,
LgJapLEP1E,,,,,,
LgJapLEP1M,,,,,,
LgJapLEP1C,,,,,,
LgJapLEP1P,,,,,,
LgJapLEP1Z,,,,,,
LgKor1E,,,,,,
LgKor1M,,,,,,
LgKor1C,,,,,,
LgKor1P,,,,,,
LgKor1Z,,,,,,
LgKorLEP1E,,,,,,
LgKorLEP1M,,,,,,
LgKorLEP1C,,,,,,
LgKorLEP1P,,,,,,
LgKorLEP1Z,,,,,,
LgMKhm1E,,,,,,
LgMKhm1M,,,,,,
LgMKhm1C,,,,,,
LgMKhm1P,,,,,,
LgMKhm1Z,,,,,,
LgMKmLEP1E,,,,,,
LgMKmLEP1M,,,,,,
LgMKmLEP1C,,,,,,
LgMKmLEP1P,,,,,,
LgMKmLEP1Z,,,,,,
LgHmg1E,,,,,,
LgHmg1M,,,,,,
LgHmg1C,,,,,,
LgHmg1P,,,,,,
LgHmg1Z,,,,,,
LgHmgLEP1E,,,,,,
LgHmgLEP1M,,,,,,
LgHmgLEP1C,,,,,,
LgHmgLEP1P,,,,,,
LgHmgLEP1Z,,,,,,
LgThai1E,,,,,,
LgThai1M,,,,,,
LgThai1C,,,,,,
LgThai1P,,,,,,
LgThai1Z,,,,,,
LgThaLEP1E,,,,,,
LgThaLEP1M,,,,,,
LgThaLEP1C,,,,,,
LgThaLEP1P,,,,,,
LgThaLEP1Z,,,,,,
LgLao1E,,,,,,
LgLao1M,,,,,,
LgLao1C,,,,,,
LgLao1P,,,,,,
LgLao1Z,,,,,,
LgLaoLEP1E,,,,,,
LgLaoLEP1M,,,,,,
LgLaoLEP1C,,,,,,
LgLaoLEP1P,,,,,,
LgLaoLEP1Z,,,,,,
LgViet1E,,,,,,
LgViet1M,,,,,,
LgViet1C,,,,,,
LgViet1P,,,,,,
LgViet1Z,,,,,,
LgVieLEP1E,,,,,,
LgVieLEP1M,,,,,,
LgVieLEP1C,,,,,,
LgVieLEP1P,,,,,,
LgVieLEP1Z,,,,,,
LgOAsn1E,,,,,,
LgOAsn1M,,,,,,
LgOAsn1C,,,,,,
LgOAsn1P,,,,,,
LgOAsn1Z,,,,,,
LgOAnLEP1E,,,,,,
LgOAnLEP1M,,,,,,
LgOAnLEP1C,,,,,,
LgOAnLEP1P,,,,,,
LgOAnLEP1Z,,,,,,
LgTag1E,,,,,,
LgTag1M,,,,,,
LgTag1C,,,,,,
LgTag1P,,,,,,
LgTag1Z,,,,,,
LgTagLEP1E,,,,,,
LgTagLEP1M,,,,,,
LgTagLEP1C,,,,,,
LgTagLEP1P,,,,,,
LgTagLEP1Z,,,,,,
LgOPI1E,,,,,,
LgOPI1M,,,,,,
LgOPI1C,,,,,,
LgOPI1P,,,,,,
LgOPI1Z,,,,,,
LgOPILEP1E,,,,,,
LgOPILEP1M,,,,,,
LgOPILEP1C,,,,,,
LgOPILEP1P,,,,,,
LgOPILEP1Z,,,,,,
LgNav1E,,,,,,
LgNav1M,,,,,,
LgNav1C,,,,,,
LgNav1P,,,,,,
LgNav1Z,,,,,,
LgNavLEP1E,,,,,,
LgNavLEP1M,,,,,,
LgNavLEP1C,,,,,,
LgNavLEP1P,,,,,,
LgNavLEP1Z,,,,,,
LgONNA1E,,,,,,
LgONNA1M,,,,,,
LgONNA1C,,,,,,
LgONNA1P,,,,,,
LgONNA1Z,,,,,,
LgONALEP1E,,,,,,
LgONALEP1M,,,,,,
LgONALEP1C,,,,,,
LgONALEP1P,,,,,,
LgONALEP1Z,,,,,,
LgHung1E,,,,,,
LgHung1M,,,,,,
LgHung1C,,,,,,
LgHung1P,,,,,,
LgHung1Z,,,,,,
LgHngLEP1E,,,,,,
LgHngLEP1M,,,,,,
LgHngLEP1C,,,,,,
LgHngLEP1P,,,,,,
LgHngLEP1Z,,,,,,
LgArab1E,,,,,,
LgArab1M,,,,,,
LgArab1C,,,,,,
LgArab1P,,,,,,
LgArab1Z,,,,,,
LgArbLEP1E,,,,,,
LgArbLEP1M,,,,,,
LgArbLEP1C,,,,,,
LgArbLEP1P,,,,,,
LgArbLEP1Z,,,,,,
LgHeb1E,,,,,,
LgHeb1M,,,,,,
LgHeb1C,,,,,,
LgHeb1P,,,,,,
LgHeb1Z,,,,,,
LgHebLEP1E,,,,,,
LgHebLEP1M,,,,,,
LgHebLEP1C,,,,,,
LgHebLEP1P,,,,,,
LgHebLEP1Z,,,,,,
LgAfr1E,,,,,,
LgAfr1M,,,,,,
LgAfr1C,,,,,,
LgAfr1P,,,,,,
LgAfr1Z,,,,,,
LgAfrLEP1E,,,,,,
LgAfrLEP1M,,,,,,
LgAfrLEP1C,,,,,,
LgAfrLEP1P,,,,,,
LgAfrLEP1Z,,,,,,
LgOLg1E,,,,,,
LgOLg1M,,,,,,
LgOLg1C,,,,,,
LgOLg1P,,,,,,
LgOLg1Z,,,,,,
LgOLgLEP1E,,,,,,
LgOLgLEP1M,,,,,,
LgOLgLEP1C,,,,,,
LgOLgLEP1P,,,,,,
LgOLgLEP1Z,,,,,,
Pop5pl2E,,,,,,
Pop5pl2M,,,,,,
Pop5pl2C,,,,,,
Pop5pl2P,,,,,,
Pop5pl2Z,,,,,,
EngOnly2E,,,,,,
EngOnly2M,,,,,,
EngOnly2C,,,,,,
EngOnly2P,,,,,,
EngOnly2Z,,,,,,
LgOEng2E,,,,,,
LgOEng2M,,,,,,
LgOEng2C,,,,,,
LgOEng2P,,,,,,
LgOEng2Z,,,,,,
LgSp2E,,,,,,
LgSp2M,,,,,,
LgSp2C,,,,,,
LgSp2P,,,,,,
LgSp2Z,,,,,,
LgFr2E,,,,,,
LgFr2M,,,,,,
LgFr2C,,,,,,
LgFr2P,,,,,,
LgFr2Z,,,,,,
LgFrCr2E,,,,,,
LgFrCr2M,,,,,,
LgFrCr2C,,,,,,
LgFrCr2P,,,,,,
LgFrCr2Z,,,,,,
LgIt2E,,,,,,
LgIt2M,,,,,,
LgIt2C,,,,,,
LgIt2P,,,,,,
LgIt2Z,,,,,,
LgPrt2E,,,,,,
LgPrt2M,,,,,,
LgPrt2C,,,,,,
LgPrt2P,,,,,,
LgPrt2Z,,,,,,
LgGrm2E,,,,,,
LgGrm2M,,,,,,
LgGrm2C,,,,,,
LgGrm2P,,,,,,
LgGrm2Z,,,,,,
LgYid2E,,,,,,
LgYid2M,,,,,,
LgYid2C,,,,,,
LgYid2P,,,,,,
LgYid2Z,,,,,,
LgOWG2E,,,,,,
LgOWG2M,,,,,,
LgOWG2C,,,,,,
LgOWG2P,,,,,,
LgOWG2Z,,,,,,
LgScd2E,,,,,,
LgScd2M,,,,,,
LgScd2C,,,,,,
LgScd2P,,,,,,
LgScd2Z,,,,,,
LgGrk2E,,,,,,
LgGrk2M,,,,,,
LgGrk2C,,,,,,
LgGrk2P,,,,,,
LgGrk2Z,,,,,,
LgRus2E,,,,,,
LgRus2M,,,,,,
LgRus2C,,,,,,
LgRus2P,,,,,,
LgRus2Z,,,,,,
LgPol2E,,,,,,
LgPol2M,,,,,,
LgPol2C,,,,,,
LgPol2P,,,,,,
LgPol2Z,,,,,,
LgSCr2E,,,,,,
LgSCr2M,,,,,,
LgSCr2C,,,,,,
LgSCr2P,,,,,,
LgSCr2Z,,,,,,
LgOSlv2E,,,,,,
LgOSlv2M,,,,,,
LgOSlv2C,,,,,,
LgOSlv2P,,,,,,
LgOSlv2Z,,,,,,
LgArm2E,,,,,,
LgArm2M,,,,,,
LgArm2C,,,,,,
LgArm2P,,,,,,
LgArm2Z,,,,,,
LgPrs2E,,,,,,
LgPrs2M,,,,,,
LgPrs2C,,,,,,
LgPrs2P,,,,,,
LgPrs2Z,,,,,,
LgGuj2E,,,,,,
LgGuj2M,,,,,,
LgGuj2C,,,,,,
LgGuj2P,,,,,,
LgGuj2Z,,,,,,
LgHdi2E,,,,,,
LgHdi2M,,,,,,
LgHdi2C,,,,,,
LgHdi2P,,,,,,
LgHdi2Z,,,,,,
LgUrd2E,,,,,,
LgUrd2M,,,,,,
LgUrd2C,,,,,,
LgUrd2P,,,,,,
LgUrd2Z,,,,,,
LgOInd2E,,,,,,
LgOInd2M,,,,,,
LgOInd2C,,,,,,
LgOInd2P,,,,,,
LgOInd2Z,,,,,,
LgOIEu2E,,,,,,
LgOIEu2M,,,,,,
LgOIEu2C,,,,,,
LgOIEu2P,,,,,,
LgOIEu2Z,,,,,,
LgChi2E,,,,,,
LgChi2M,,,,,,
LgChi2C,,,,,,
LgChi2P,,,,,,
LgChi2Z,,,,,,
LgJap2E,,,,,,
LgJap2M,,,,,,
LgJap2C,,,,,,
LgJap2P,,,,,,
LgJap2Z,,,,,,
LgKor2E,,,,,,
LgKor2M,,,,,,
LgKor2C,,,,,,
LgKor2P,,,,,,
LgKor2Z,,,,,,
LgMKhm2E,,,,,,
LgMKhm2M,,,,,,
LgMKhm2C,,,,,,
LgMKhm2P,,,,,,
LgMKhm2Z,,,,,,
LgHmg2E,,,,,,
LgHmg2M,,,,,,
LgHmg2C,,,,,,
LgHmg2P,,,,,,
LgHmg2Z,,,,,,
LgThai2E,,,,,,
LgThai2M,,,,,,
LgThai2C,,,,,,
LgThai2P,,,,,,
LgThai2Z,,,,,,
LgLao2E,,,,,,
LgLao2M,,,,,,
LgLao2C,,,,,,
LgLao2P,,,,,,
LgLao2Z,,,,,,
LgViet2E,,,,,,
LgViet2M,,,,,,
LgViet2C,,,,,,
LgViet2P,,,,,,
LgViet2Z,,,,,,
LgOAsn2E,,,,,,
LgOAsn2M,,,,,,
LgOAsn2C,,,,,,
LgOAsn2P,,,,,,
LgOAsn2Z,,,,,,
LgTag2E,,,,,,
LgTag2M,,,,,,
LgTag2C,,,,,,
LgTag2P,,,,,,
LgTag2Z,,,,,,
LgOPI2E,,,,,,
LgOPI2M,,,,,,
LgOPI2C,,,,,,
LgOPI2P,,,,,,
LgOPI2Z,,,,,,
LgNav2E,,,,,,
LgNav2M,,,,,,
LgNav2C,,,,,,
LgNav2P,,,,,,
LgNav2Z,,,,,,
LgONNA2E,,,,,,
LgONNA2M,,,,,,
LgONNA2C,,,,,,
LgONNA2P,,,,,,
LgONNA2Z,,,,,,
LgHung2E,,,,,,
LgHung2M,,,,,,
LgHung2C,,,,,,
LgHung2P,,,,,,
LgHung2Z,,,,,,
LgArab2E,,,,,,
LgArab2M,,,,,,
LgArab2C,,,,,,
LgArab2P,,,,,,
LgArab2Z,,,,,,
LgHeb2E,,,,,,
LgHeb2M,,,,,,
LgHeb2C,,,,,,
LgHeb2P,,,,,,
LgHeb2Z,,,,,,
LgAfr2E,,,,,,
LgAfr2M,,,,,,
LgAfr2C,,,,,,
LgAfr2P,,,,,,
LgAfr2Z,,,,,,
LgOLg2E,,,,,,
LgOLg2M,,,,,,
LgOLg2C,,,,,,
LgOLg2P,,,,,,
LgOLg2Z,,,,,,
LgOEnLEP2E,,,,,,
LgOEnLEP2M,,,,,,
LgOEnLEP2C,,,,,,
LgOEnLE2P,,,,,,
LgOEnLEP2Z,,,,,,
LgSpLEP2E,,,,,,
LgSpLEP2M,,,,,,
LgSpLEP2C,,,,,,
LgSpLEP2P,,,,,,
LgSpLEP2Z,,,,,,
LgFrLEP2E,,,,,,
LgFrLEP2M,,,,,,
LgFrLEP2C,,,,,,
LgFrLEP2P,,,,,,
LgFrLEP2Z,,,,,,
LgFrCLEP2E,,,,,,
LgFrCLEP2M,,,,,,
LgFrCLEP2C,,,,,,
LgFrCLE2P,,,,,,
LgFrCLEP2Z,,,,,,
LgItLEP2E,,,,,,
LgItLEP2M,,,,,,
LgItLEP2C,,,,,,
LgItLEP2P,,,,,,
LgItLEP2Z,,,,,,
LgPrtLEP2E,,,,,,
LgPrtLEP2M,,,,,,
LgPrtLEP2C,,,,,,
LgPrtLE2P,,,,,,
LgPrtLEP2Z,,,,,,
LgGrmLEP2E,,,,,,
LgGrmLEP2M,,,,,,
LgGrmLEP2C,,,,,,
LgGrmLE2P,,,,,,
LgGrmLEP2Z,,,,,,
LgYidLEP2E,,,,,,
LgYidLEP2M,,,,,,
LgYidLEP2C,,,,,,
LgYidLE2P,,,,,,
LgYidLEP2Z,,,,,,
LgOWGLEP2E,,,,,,
LgOWGLEP2M,,,,,,
LgOWGLEP2C,,,,,,
LgOWGLE2P,,,,,,
LgOWGLEP2Z,,,,,,
LgScdLEP2E,,,,,,
LgScdLEP2M,,,,,,
LgScdLEP2C,,,,,,
LgScdLE2P,,,,,,
LgScdLEP2Z,,,,,,
LgGrkLEP2E,,,,,,
LgGrkLEP2M,,,,,,
LgGrkLEP2C,,,,,,
LgGrkLE2P,,,,,,
LgGrkLEP2Z,,,,,,
LgRusLEP2E,,,,,,
LgRusLEP2M,,,,,,
LgRusLEP2C,,,,,,
LgRusLE2P,,,,,,
LgRusLEP2Z,,,,,,
LgPolLEP2E,,,,,,
LgPolLEP2M,,,,,,
LgPolLEP2C,,,,,,
LgPolLE2P,,,,,,
LgPolLEP2Z,,,,,,
LgSCrLEP2E,,,,,,
LgSCrLEP2M,,,,,,
LgSCrLEP2C,,,,,,
LgSCrLE2P,,,,,,
LgSCrLEP2Z,,,,,,
LgOSvLEP2E,,,,,,
LgOSvLEP2M,,,,,,
LgOSvLEP2C,,,,,,
LgOSvLE2P,,,,,,
LgOSvLEP2Z,,,,,,
LgArmLEP2E,,,,,,
LgArmLEP2M,,,,,,
LgArmLEP2C,,,,,,
LgArmLEP2P,,,,,,
LgArmLEP2Z,,,,,,
LgPrsLEP2E,,,,,,
LgPrsLEP2M,,,,,,
LgPrsLEP2C,,,,,,
LgPrsLEP2P,,,,,,
LgPrsLEP2Z,,,,,,
LgGujLEP2E,,,,,,
LgGujLEP2M,,,,,,
LgGujLEP2C,,,,,,
LgGujLEP2P,,,,,,
LgGujLEP2Z,,,,,,
LgHdiLEP2E,,,,,,
LgHdiLEP2M,,,,,,
LgHdiLEP2C,,,,,,
LgHdiLEP2P,,,,,,
LgHdiLEP2Z,,,,,,
LgUrdLEP2E,,,,,,
LgUrdLEP2M,,,,,,
LgUrdLEP2C,,,,,,
LgUrdLEP2P,,,,,,
LgUrdLEP2Z,,,,,,
LgOInLEP2E,,,,,,
LgOInLEP2M,,,,,,
LgOInLEP2C,,,,,,
LgOInLE2P,,,,,,
LgOInLEP2Z,,,,,,
LgOIELEP2E,,,,,,
LgOIELEP2M,,,,,,
LgOIELEP2C,,,,,,
LgOIELE2P,,,,,,
LgOIELEP2Z,,,,,,
LgChiLEP2E,,,,,,
LgChiLEP2M,,,,,,
LgChiLEP2C,,,,,,
LgChiLEP2P,,,,,,
LgChiLEP2Z,,,,,,
LgJapLEP2E,,,,,,
LgJapLEP2M,,,,,,
LgJapLEP2C,,,,,,
LgJapLEP2P,,,,,,
LgJapLEP2Z,,,,,,
LgKorLEP2E,,,,,,
LgKorLEP2M,,,,,,
LgKorLEP2C,,,,,,
LgKorLEP2P,,,,,,
LgKorLEP2Z,,,,,,
LgMKmLEP2E,,,,,,
LgMKmLEP2M,,,,,,
LgMKmLEP2C,,,,,,
LgMKmLE2P,,,,,,
LgMKmLEP2Z,,,,,,
LgHmgLEP2E,,,,,,
LgHmgLEP2M,,,,,,
LgHmgLEP2C,,,,,,
LgHmgLEP2P,,,,,,
LgHmgLEP2Z,,,,,,
LgThaLEP2E,,,,,,
LgThaLEP2M,,,,,,
LgThaLEP2C,,,,,,
LgThaLE2P,,,,,,
LgThaLEP2Z,,,,,,
LgLaoLEP2E,,,,,,
LgLaoLEP2M,,,,,,
LgLaoLEP2C,,,,,,
LgLaoLEP2P,,,,,,
LgLaoLEP2Z,,,,,,
LgVieLEP2E,,,,,,
LgVieLEP2M,,,,,,
LgVieLEP2C,,,,,,
LgVieLE2P,,,,,,
LgVieLEP2Z,,,,,,
LgOAnLEP2E,,,,,,
LgOAnLEP2M,,,,,,
LgOAnLEP2C,,,,,,
LgOAnLE2P,,,,,,
LgOAnLEP2Z,,,,,,
LgTagLEP2E,,,,,,
LgTagLEP2M,,,,,,
LgTagLEP2C,,,,,,
LgTagLEP2P,,,,,,
LgTagLEP2Z,,,,,,
LgOPILEP2E,,,,,,
LgOPILEP2M,,,,,,
LgOPILEP2C,,,,,,
LgOPILEP2P,,,,,,
LgOPILEP2Z,,,,,,
LgNavLEP2E,,,,,,
LgNavLEP2M,,,,,,
LgNavLEP2C,,,,,,
LgNavLEP2P,,,,,,
LgNavLEP2Z,,,,,,
LgONALEP2E,,,,,,
LgONALEP2M,,,,,,
LgONALEP2C,,,,,,
LgONALE2P,,,,,,
LgONALEP2Z,,,,,,
LgHngLEP2E,,,,,,
LgHngLEP2M,,,,,,
LgHngLEP2C,,,,,,
LgHngLE2P,,,,,,
LgHngLEP2Z,,,,,,
LgArbLEP2E,,,,,,
LgArbLEP2M,,,,,,
LgArbLEP2C,,,,,,
LgArbLE2P,,,,,,
LgArbLEP2Z,,,,,,
LgHebLEP2E,,,,,,
LgHebLEP2M,,,,,,
LgHebLEP2C,,,,,,
LgHebLEP2P,,,,,,
LgHebLEP2Z,,,,,,
LgAfrLEP2E,,,,,,
LgAfrLEP2M,,,,,,
LgAfrLEP2C,,,,,,
LgAfrLEP2P,,,,,,
LgAfrLEP2Z,,,,,,
LgOLgLEP2E,,,,,,
LgOLgLEP2M,,,,,,
LgOLgLEP2C,,,,,,
LgOLgLEP2P,,,,,,
LgOLgLEP2Z,,,,,,
Pop_5E,,,,,,
Pop_5M,,,,,,
Pop_5C,,,,,,
Pop_5P,,,,,,
Pop_5Z,,,,,,
AfgE,,,,,,
AfgM,,,,,,
AfgC,,,,,,
AfgP,,,,,,
AfgZ,,,,,,
AlbE,,,,,,
AlbM,,,,,,
AlbC,,,,,,
AlbP,,,,,,
AlbZ,,,,,,
AlsatnE,,,,,,
AlsatnM,,,,,,
AlsatnC,,,,,,
AlsatnP,,,,,,
AlsatnZ,,,,,,
AmercnE,,,,,,
AmercnM,,,,,,
AmercnC,,,,,,
AmercnP,,,,,,
AmercnZ,,,,,,
ArabE,,,,,,
ArabM,,,,,,
ArabC,,,,,,
ArabP,,,,,,
ArabZ,,,,,,
EgyptnE,,,,,,
EgyptnM,,,,,,
EgyptnC,,,,,,
EgyptnP,,,,,,
EgyptnZ,,,,,,
IraqiE,,,,,,
IraqiM,,,,,,
IraqiC,,,,,,
IraqiP,,,,,,
IraqiZ,,,,,,
JrdnianE,,,,,,
JrdnianM,,,,,,
JrdnianC,,,,,,
JrdnianP,,,,,,
JrdnianZ,,,,,,
LebaneseE,,,,,,
LebaneseM,,,,,,
LebaneseC,,,,,,
LebaneseP,,,,,,
LebaneseZ,,,,,,
MoroccanE,,,,,,
MoroccanM,,,,,,
MoroccanC,,,,,,
MoroccanP,,,,,,
MoroccanZ,,,,,,
PalstnianE,,,,,,
PalstnianM,,,,,,
PalstnianC,,,,,,
PalstnianP,,,,,,
PalstnianZ,,,,,,
SyrianE,,,,,,
SyrianM,,,,,,
SyrianC,,,,,,
SyrianP,,,,,,
SyrianZ,,,,,,
ArabSubE,,,,,,
ArabSubM,,,,,,
ArabSubC,,,,,,
ArabSubP,,,,,,
ArabSubZ,,,,,,
OArabE,,,,,,
OArabM,,,,,,
OArabC,,,,,,
OArabP,,,,,,
OArabZ,,,,,,
ArmenianE,,,,,,
ArmenianM,,,,,,
ArmenianC,,,,,,
ArmenianP,,,,,,
ArmenianZ,,,,,,
AsyrChldSE,,,,,,
AsyrChldSM,,,,,,
AsyrChldSC,,,,,,
AsyrChldSP,,,,,,
AsyrChldSZ,,,,,,
AustrlnE,,,,,,
AustrlnM,,,,,,
AustrlnC,,,,,,
AustrlnP,,,,,,
AustrlnZ,,,,,,
AustrianE,,,,,,
AustrianM,,,,,,
AustrianC,,,,,,
AustrianP,,,,,,
AustrianZ,,,,,,
BasqueE,,,,,,
BasqueM,,,,,,
BasqueC,,,,,,
BasqueP,,,,,,
BasqueZ,,,,,,
BelgianE,,,,,,
BelgianM,,,,,,
BelgianC,,,,,,
BelgianP,,,,,,
BelgianZ,,,,,,
BrzlianE,,,,,,
BrzlianM,,,,,,
BrzlianC,,,,,,
BrzlianP,,,,,,
BrzlianZ,,,,,,
BritishE,,,,,,
BritishM,,,,,,
BritishC,,,,,,
BritishP,,,,,,
BritishZ,,,,,,
BulgrianE,,,,,,
BulgrianM,,,,,,
BulgrianC,,,,,,
BulgrianP,,,,,,
BulgrianZ,,,,,,
CajunE,,,,,,
CajunM,,,,,,
CajunC,,,,,,
CajunP,,,,,,
CajunZ,,,,,,
CanadianE,,,,,,
CanadianM,,,,,,
CanadianC,,,,,,
CanadianP,,,,,,
CanadianZ,,,,,,
CarpRusnE,,,,,,
CarpRusnM,,,,,,
CarpRusnC,,,,,,
CarpRusnP,,,,,,
CarpRusnZ,,,,,,
CelticE,,,,,,
CelticM,,,,,,
CelticC,,,,,,
CelticP,,,,,,
CelticZ,,,,,,
CroatianE,,,,,,
CroatianM,,,,,,
CroatianC,,,,,,
CroatianP,,,,,,
CroatianZ,,,,,,
CypriotE,,,,,,
CypriotM,,,,,,
CypriotC,,,,,,
CypriotP,,,,,,
CypriotZ,,,,,,
CzechE,,,,,,
CzechM,,,,,,
CzechC,,,,,,
CzechP,,,,,,
CzechZ,,,,,,
CzechSlvE,,,,,,
CzechSlvM,,,,,,
CzechSlvC,,,,,,
CzechSlvP,,,,,,
CzechSlvZ,,,,,,
DanishE,,,,,,
DanishM,,,,,,
DanishC,,,,,,
DanishP,,,,,,
DanishZ,,,,,,
DutchE,,,,,,
DutchM,,,,,,
DutchC,,,,,,
DutchP,,,,,,
DutchZ,,,,,,
EEurpnE,,,,,,
EEurpnM,,,,,,
EEurpnC,,,,,,
EEurpnP,,,,,,
EEurpnZ,,,,,,
EnglishE,,,,,,
EnglishM,,,,,,
EnglishC,,,,,,
EnglishP,,,,,,
EnglishZ,,,,,,
EstonianE,,,,,,
EstonianM,,,,,,
EstonianC,,,,,,
EstonianP,,,,,,
EstonianZ,,,,,,
EuropeanE,,,,,,
EuropeanM,,,,,,
EuropeanC,,,,,,
EuropeanP,,,,,,
EuropeanZ,,,,,,
FinnishE,,,,,,
FinnishM,,,,,,
FinnishC,,,,,,
FinnishP,,,,,,
FinnishZ,,,,,,
FrNotBsqE,,,,,,
FrNotBsqM,,,,,,
FrNotBsqC,,,,,,
FrNotBsqP,,,,,,
FrNotBsqZ,,,,,,
FrCandianE,,,,,,
FrCandianM,,,,,,
FrCandianC,,,,,,
FrCandianP,,,,,,
FrCandianZ,,,,,,
GermanE,,,,,,
GermanM,,,,,,
GermanC,,,,,,
GermanP,,,,,,
GermanZ,,,,,,
GermRusE,,,,,,
GermRusM,,,,,,
GermRusC,,,,,,
GermRusP,,,,,,
GermRusZ,,,,,,
GreekE,,,,,,
GreekM,,,,,,
GreekC,,,,,,
GreekP,,,,,,
GreekZ,,,,,,
GuyaneseE,,,,,,
GuyaneseM,,,,,,
GuyaneseC,,,,,,
GuyaneseP,,,,,,
GuyaneseZ,,,,,,
HgrianE,,,,,,
HgrianM,,,,,,
HgrianC,,,,,,
HgrianP,,,,,,
HgrianZ,,,,,,
IcelndrE,,,,,,
IcelndrM,,,,,,
IcelndrC,,,,,,
IcelndrP,,,,,,
IcelndrZ,,,,,,
IranianE,,,,,,
IranianM,,,,,,
IranianC,,,,,,
IranianP,,,,,,
IranianZ,,,,,,
IrishE,,,,,,
IrishM,,,,,,
IrishC,,,,,,
IrishP,,,,,,
IrishZ,,,,,,
IsraeliE,,,,,,
IsraeliM,,,,,,
IsraeliC,,,,,,
IsraeliP,,,,,,
IsraeliZ,,,,,,
ItalianE,,,,,,
ItalianM,,,,,,
ItalianC,,,,,,
ItalianP,,,,,,
ItalianZ,,,,,,
LatvianE,,,,,,
LatvianM,,,,,,
LatvianC,,,,,,
LatvianP,,,,,,
LatvianZ,,,,,,
LthianE,,,,,,
LthianM,,,,,,
LthianC,,,,,,
LthianP,,,,,,
LthianZ,,,,,,
LuxmbgrE,,,,,,
LuxmbgrM,,,,,,
LuxmbgrC,,,,,,
LuxmbgrP,,,,,,
LuxmbgrZ,,,,,,
MacdnianE,,,,,,
MacdnianM,,,,,,
MacdnianC,,,,,,
MacdnianP,,,,,,
MacdnianZ,,,,,,
MalteseE,,,,,,
MalteseM,,,,,,
MalteseC,,,,,,
MalteseP,,,,,,
MalteseZ,,,,,,
NZealnderE,,,,,,
NZealnderM,,,,,,
NZealnderC,,,,,,
NZealnderP,,,,,,
NZealnderZ,,,,,,
NEurpnE,,,,,,
NEurpnM,,,,,,
NEurpnC,,,,,,
NEurpnP,,,,,,
NEurpnZ,,,,,,
NorwgianE,,,,,,
NorwgianM,,,,,,
NorwgianC,,,,,,
NorwgianP,,,,,,
NorwgianZ,,,,,,
PennGermE,,,,,,
PennGermM,,,,,,
PennGermC,,,,,,
PennGermP,,,,,,
PennGermZ,,,,,,
PolishE,,,,,,
PolishM,,,,,,
PolishC,,,,,,
PolishP,,,,,,
PolishZ,,,,,,
PortgeseE,,,,,,
PortgeseM,,,,,,
PortgeseC,,,,,,
PortgeseP,,,,,,
PortgeseZ,,,,,,
RomanianE,,,,,,
RomanianM,,,,,,
RomanianC,,,,,,
RomanianP,,,,,,
RomanianZ,,,,,,
RussianE,,,,,,
RussianM,,,,,,
RussianC,,,,,,
RussianP,,,,,,
RussianZ,,,,,,
ScandnvnE,,,,,,
ScandnvnM,,,,,,
ScandnvnC,,,,,,
ScandnvnP,,,,,,
ScandnvnZ,,,,,,
SctchIrshE,,,,,,
SctchIrshM,,,,,,
SctchIrshC,,,,,,
SctchIrshP,,,,,,
SctchIrshZ,,,,,,
ScottishE,,,,,,
ScottishM,,,,,,
ScottishC,,,,,,
ScottishP,,,,,,
ScottishZ,,,,,,
SerbianE,,,,,,
SerbianM,,,,,,
SerbianC,,,,,,
SerbianP,,,,,,
SerbianZ,,,,,,
SlavicE,,,,,,
SlavicM,,,,,,
SlavicC,,,,,,
SlavicP,,,,,,
SlavicZ,,,,,,
SlovakE,,,,,,
SlovakM,,,,,,
SlovakC,,,,,,
SlovakP,,,,,,
SlovakZ,,,,,,
SloveneE,,,,,,
SloveneM,,,,,,
SloveneC,,,,,,
SloveneP,,,,,,
SloveneZ,,,,,,
SvtUnionE,,,,,,
SvtUnionM,,,,,,
SvtUnionC,,,,,,
SvtUnionP,,,,,,
SvtUnionZ,,,,,,
SubSAfE,,,,,,
SubSAfM,,,,,,
SubSAfC,,,,,,
SubSAfP,,,,,,
SubSAfZ,,,,,,
CvrdeanE,,,,,,
CvrdeanM,,,,,,
CvrdeanC,,,,,,
CvrdeanP,,,,,,
CvrdeanZ,,,,,,
EthpianE,,,,,,
EthpianM,,,,,,
EthpianC,,,,,,
EthpianP,,,,,,
EthpianZ,,,,,,
GhanaianE,,,,,,
GhanaianM,,,,,,
GhanaianC,,,,,,
GhanaianP,,,,,,
GhanaianZ,,,,,,
KenyanE,,,,,,
KenyanM,,,,,,
KenyanC,,,,,,
KenyanP,,,,,,
KenyanZ,,,,,,
LiberianE,,,,,,
LiberianM,,,,,,
LiberianC,,,,,,
LiberianP,,,,,,
LiberianZ,,,,,,
NigerianE,,,,,,
NigerianM,,,,,,
NigerianC,,,,,,
NigerianP,,,,,,
NigerianZ,,,,,,
SngleseE,,,,,,
SngleseM,,,,,,
SngleseC,,,,,,
SngleseP,,,,,,
SngleseZ,,,,,,
SLeoneanE,,,,,,
SLeoneanM,,,,,,
SLeoneanC,,,,,,
SLeoneanP,,,,,,
SLeoneanZ,,,,,,
SomaliE,,,,,,
SomaliM,,,,,,
SomaliC,,,,,,
SomaliP,,,,,,
SomaliZ,,,,,,
SAfricanE,,,,,,
SAfricanM,,,,,,
SAfricanC,,,,,,
SAfricanP,,,,,,
SAfricanZ,,,,,,
SudaneseE,,,,,,
SudaneseM,,,,,,
SudaneseC,,,,,,
SudaneseP,,,,,,
SudaneseZ,,,,,,
UgandanE,,,,,,
UgandanM,,,,,,
UgandanC,,,,,,
UgandanP,,,,,,
UgandanZ,,,,,,
ZmbweanE,,,,,,
ZmbweanM,,,,,,
ZmbweanC,,,,,,
ZmbweanP,,,,,,
ZmbweanZ,,,,,,
AfricanE,,,,,,
AfricanM,,,,,,
AfricanC,,,,,,
AfricanP,,,,,,
AfricanZ,,,,,,
OSubSAfrE,,,,,,
OSubSAfrM,,,,,,
OSubSAfrC,,,,,,
OSubSAfrP,,,,,,
OSubSAfrZ,,,,,,
SwedishE,,,,,,
SwedishM,,,,,,
SwedishC,,,,,,
SwedishP,,,,,,
SwedishZ,,,,,,
SwissE,,,,,,
SwissM,,,,,,
SwissC,,,,,,
SwissP,,,,,,
SwissZ,,,,,,
TurkishE,,,,,,
TurkishM,,,,,,
TurkishC,,,,,,
TurkishP,,,,,,
TurkishZ,,,,,,
UkrnianE,,,,,,
UkrnianM,,,,,,
UkrnianC,,,,,,
UkrnianP,,,,,,
UkrnianZ,,,,,,
WelshE,,,,,,
WelshM,,,,,,
WelshC,,,,,,
WelshP,,,,,,
WelshZ,,,,,,
WIndNHspE,,,,,,
WIndNHspM,,,,,,
WIndNHspC,,,,,,
WIndNHspP,,,,,,
WIndNHspZ,,,,,,
BahamianE,,,,,,
BahamianM,,,,,,
BahamianC,,,,,,
BahamianP,,,,,,
BahamianZ,,,,,,
BrbdianE,,,,,,
BrbdianM,,,,,,
BrbdianC,,,,,,
BrbdianP,,,,,,
BrbdianZ,,,,,,
BelizeanE,,,,,,
BelizeanM,,,,,,
BelizeanC,,,,,,
BelizeanP,,,,,,
BelizeanZ,,,,,,
BermudanE,,,,,,
BermudanM,,,,,,
BermudanC,,,,,,
BermudanP,,,,,,
BermudanZ,,,,,,
BrtWIndE,,,,,,
BrtWIndM,,,,,,
BrtWIndC,,,,,,
BrtWIndP,,,,,,
BrtWIndZ,,,,,,
DchWIndE,,,,,,
DchWIndM,,,,,,
DchWIndC,,,,,,
DchWIndP,,,,,,
DchWIndZ,,,,,,
HaitianE,,,,,,
HaitianM,,,,,,
HaitianC,,,,,,
HaitianP,,,,,,
HaitianZ,,,,,,
JamaicanE,,,,,,
JamaicanM,,,,,,
JamaicanC,,,,,,
JamaicanP,,,,,,
JamaicanZ,,,,,,
TAndTobE,,,,,,
TAndTobM,,,,,,
TAndTobC,,,,,,
TAndTobP,,,,,,
TAndTobZ,,,,,,
USVrgIsE,,,,,,
USVrgIsM,,,,,,
USVrgIsC,,,,,,
USVrgIsP,,,,,,
USVrgIsZ,,,,,,
WIndSubE,,,,,,
WIndSubM,,,,,,
WIndSubC,,,,,,
WIndSubP,,,,,,
WIndSubZ,,,,,,
OWIndE,,,,,,
OWIndM,,,,,,
OWIndC,,,,,,
OWIndP,,,,,,
OWIndZ,,,,,,
YugoSlvE,,,,,,
YugoSlvM,,,,,,
YugoSlvC,,,,,,
YugoSlvP,,,,,,
YugoSlvZ,,,,,,
OthrE,,,,,,
OthrM,,,,,,
OthrC,,,,,,
OthrP,,,,,,
OthrZ,,,,,,
UnclsNRE,,,,,,
UnclsNRM,,,,,,
UnclsNRC,,,,,,
UnclsNRP,,,,,,
UnclsNRZ,,,,,,
Pop16plE,,,,,,
Pop16plM,,,,,,
Pop16plC,,,,,,
Pop16plP,,,,,,
Pop16plZ,,,,,,
LFE,,,,,,
LFM,,,,,,
LFC,,,,,,
LFP,,,,,,
LFZ,,,,,,
CvLF1E,,,,,,
CvLF1M,,,,,,
CvLF1C,,,,,,
CvLF1P,,,,,,
CvLF1Z,,,,,,
CvEm16pl1E,,,,,,
CvEm16pl1M,,,,,,
CvEm16pl1C,,,,,,
CvEm16pl1P,,,,,,
CvEm16pl1Z,,,,,,
CvLFUEm1E,,,,,,
CvLFUEm1M,,,,,,
CvLFUEm1C,,,,,,
CvLFUEm1P,,,,,,
CvLFUEm1Z,,,,,,
LFArmdFE,,,,,,
LFArmdFM,,,,,,
LFArmdFC,,,,,,
LFArmdFP,,,,,,
LFArmdFZ,,,,,,
NLF1E,,,,,,
NLF1M,,,,,,
NLF1C,,,,,,
NLF1P,,,,,,
NLF1Z,,,,,,
CvLF2E,,,,,,
CvLF2M,,,,,,
CvLF2C,,,,,,
CvLF2P,,,,,,
CvLF2Z,,,,,,
CvLFUEm2E,,,,,,
CvLFUEm2M,,,,,,
CvLFUEm2C,,,,,,
CvLFUEm2P,,,,,,
CvLFUEm2Z,,,,,,
F16plE,,,,,,
F16plM,,,,,,
F16plC,,,,,,
F16plP,,,,,,
F16plZ,,,,,,
F16plLFE,,,,,,
F16plLFM,,,,,,
F16plLFC,,,,,,
F16plLFP,,,,,,
F16plLFZ,,,,,,
F16plCvLFE,,,,,,
F16plCvLFM,,,,,,
F16plCvLFC,,,,,,
F16plCvLFP,,,,,,
F16plCvLFZ,,,,,,
F16plCLFEE,,,,,,
F16plCLFEM,,,,,,
F16plCLFEC,,,,,,
F16plCLFEP,,,,,,
F16plCLFEZ,,,,,,
OChU6E,,,,,,
OChU6M,,,,,,
OChU6C,,,,,,
OChU6P,,,,,,
OChU6Z,,,,,,
OChU6PLFE,,,,,,
OChU6PLFM,,,,,,
OChU6PLFC,,,,,,
OChU6PLFP,,,,,,
OChU6PLFZ,,,,,,
OCh6t17E,,,,,,
OCh6t17M,,,,,,
OCh6t17C,,,,,,
OCh6t17P,,,,,,
OCh6t17Z,,,,,,
OC6t17PLFE,,,,,,
OC6t17PLFM,,,,,,
OC6t17PLFC,,,,,,
OC6t17PLFP,,,,,,
OC6t17PLFZ,,,,,,
Wrkr16plE,,,,,,
Wrkr16plM,,,,,,
Wrkr16plC,,,,,,
Wrkr16plP,,,,,,
Wrkr16plZ,,,,,,
CW_DrvAlnE,,,,,,
CW_DrvAlnM,,,,,,
CW_DrvAlnC,,,,,,
CW_DrvAlnP,,,,,,
CW_DrvAlnZ,,,,,,
CW_CrpldE,,,,,,
CW_CrpldM,,,,,,
CW_CrpldC,,,,,,
CW_CrpldP,,,,,,
CW_CrpldZ,,,,,,
CW_PbTrnsE,,,,,,
CW_PbTrnsM,,,,,,
CW_PbTrnsC,,,,,,
CW_PbTrnsP,,,,,,
CW_PbTrnsZ,,,,,,
CW_WlkdE,,,,,,
CW_WlkdM,,,,,,
CW_WlkdC,,,,,,
CW_WlkdP,,,,,,
CW_WlkdZ,,,,,,
CW_OthE,,,,,,
CW_OthM,,,,,,
CW_OthC,,,,,,
CW_OthP,,,,,,
CW_OthZ,,,,,,
CW_WrkdHmE,,,,,,
CW_WrkdHmM,,,,,,
CW_WrkdHmC,,,,,,
CW_WrkdHmP,,,,,,
CW_WrkdHmZ,,,,,,
MnTrvTmE,,,,,,
MnTrvTmM,,,,,,
MnTrvTmC,,,,,,
MnTrvTmP,,,,,,
MnTrvTmZ,,,,,,
CvEm16pl2E,,,,,,
CvEm16pl2M,,,,,,
CvEm16pl2C,,,,,,
CvEm16pl2P,,,,,,
CvEm16pl2Z,,,,,,
MgBSciArtE,,,,,,
MgBSciArtM,,,,,,
MgBSciArtC,,,,,,
MgBSciArtP,,,,,,
MgBSciArtZ,,,,,,
SrvcE,,,,,,
SrvcM,,,,,,
SrvcC,,,,,,
SrvcP,,,,,,
SrvcZ,,,,,,
SalesOffE,,,,,,
SalesOffM,,,,,,
SalesOffC,,,,,,
SalesOffP,,,,,,
SalesOffZ,,,,,,
NRCnstMntE,,,,,,
NRCnstMntM,,,,,,
NRCnstMntC,,,,,,
NRCnstMntP,,,,,,
NRCnstMntZ,,,,,,
PrdTrnsMME,,,,,,
PrdTrnsMMM,,,,,,
PrdTrnsMMC,,,,,,
PrdTrnsMMP,,,,,,
PrdTrnsMMZ,,,,,,
CvEm16pl3E,,,,,,
CvEm16pl3M,,,,,,
CvEm16pl3C,,,,,,
CvEm16pl3P,,,,,,
CvEm16pl3Z,,,,,,
AgFFHME,,,,,,
AgFFHMM,,,,,,
AgFFHMC,,,,,,
AgFFHMP,,,,,,
AgFFHMZ,,,,,,
ConstctnE,,,,,,
ConstctnM,,,,,,
ConstctnC,,,,,,
ConstctnP,,,,,,
ConstctnZ,,,,,,
MnfctrngE,,,,,,
MnfctrngM,,,,,,
MnfctrngC,,,,,,
MnfctrngP,,,,,,
MnfctrngZ,,,,,,
WhlsaleE,,,,,,
WhlsaleM,,,,,,
WhlsaleC,,,,,,
WhlsaleP,,,,,,
WhlsaleZ,,,,,,
RetailE,,,,,,
RetailM,,,,,,
RetailC,,,,,,
RetailP,,,,,,
RetailZ,,,,,,
TrWHUtE,,,,,,
TrWHUtM,,,,,,
TrWHUtC,,,,,,
TrWHUtP,,,,,,
TrWHUtZ,,,,,,
InfoE,,,,,,
InfoM,,,,,,
InfoC,,,,,,
InfoP,,,,,,
InfoZ,,,,,,
FIREE,,,,,,
FIREM,,,,,,
FIREC,,,,,,
FIREP,,,,,,
FIREZ,,,,,,
PrfSMgAWME,,,,,,
PrfSMgAWMM,,,,,,
PrfSMgAWMC,,,,,,
PrfSMgAWMP,,,,,,
PrfSMgAWMZ,,,,,,
EdHlthCSAE,,,,,,
EdHlthCSAM,,,,,,
EdHlthCSAC,,,,,,
EdHlthCSAP,,,,,,
EdHlthCSAZ,,,,,,
ArtEnRAFSE,,,,,,
ArtEnRAFSM,,,,,,
ArtEnRAFSC,,,,,,
ArtEnRAFSP,,,,,,
ArtEnRAFSZ,,,,,,
OthnotPAE,,,,,,
OthnotPAM,,,,,,
OthnotPAC,,,,,,
OthnotPAP,,,,,,
OthnotPAZ,,,,,,
PubAdminE,,,,,,
PubAdminM,,,,,,
PubAdminC,,,,,,
PubAdminP,,,,,,
PubAdminZ,,,,,,
CvEm16pl4E,,,,,,
CvEm16pl4M,,,,,,
CvEm16pl4C,,,,,,
CvEm16pl4P,,,,,,
CvEm16pl4Z,,,,,,
PrvWSWrkrE,,,,,,
PrvWSWrkrM,,,,,,
PrvWSWrkrC,,,,,,
PrvWSWrkrP,,,,,,
PrvWSWrkrZ,,,,,,
GvtWrkrE,,,,,,
GvtWrkrM,,,,,,
GvtWrkrC,,,,,,
GvtWrkrP,,,,,,
GvtWrkrZ,,,,,,
SlfEmNIncE,,,,,,
SlfEmNIncM,,,,,,
SlfEmNIncC,,,,,,
SlfEmNIncP,,,,,,
SlfEmNIncZ,,,,,,
UpdFmWrkrE,,,,,,
UpdFmWrkrM,,,,,,
UpdFmWrkrC,,,,,,
UpdFmWrkrP,,,,,,
UpdFmWrkrZ,,,,,,
HH2E,,,,,,
HH2M,,,,,,
HH2C,,,,,,
HH2P,,,,,,
HH2Z,,,,,,
HHIU10E,,,,,,
HHIU10M,,,,,,
HHIU10C,,,,,,
HHIU10P,,,,,,
HHIU10Z,,,,,,
HHI10t14E,,,,,,
HHI10t14M,,,,,,
HHI10t14C,,,,,,
HHI10t14P,,,,,,
HHI10t14Z,,,,,,
HHI15t24E,,,,,,
HHI15t24M,,,,,,
HHI15t24C,,,,,,
HHI15t24P,,,,,,
HHI15t24Z,,,,,,
HHI25t34E,,,,,,
HHI25t34M,,,,,,
HHI25t34C,,,,,,
HHI25t34P,,,,,,
HHI25t34Z,,,,,,
HHI35t49E,,,,,,
HHI35t49M,,,,,,
HHI35t49C,,,,,,
HHI35t49P,,,,,,
HHI35t49Z,,,,,,
HHI50t74E,,,,,,
HHI50t74M,,,,,,
HHI50t74C,,,,,,
HHI50t74P,,,,,,
HHI50t74Z,,,,,,
HHI75t99E,,,,,,
HHI75t99M,,,,,,
HHI75t99C,,,,,,
HHI75t99P,,,,,,
HHI75t99Z,,,,,,
HI100t149E,,,,,,
HI100t149M,,,,,,
HI100t149C,,,,,,
HI100t149P,,,,,,
HI100t149Z,,,,,,
HI150t199E,,,,,,
HI150t199M,,,,,,
HI150t199C,,,,,,
HI150t199P,,,,,,
HI150t199Z,,,,,,
HHI200plE,,,,,,
HHI200plM,,,,,,
HHI200plC,,,,,,
HHI200plP,,,,,,
HHI200plZ,,,,,,
MdHHIncE,,,,,,
MdHHIncM,,,,,,
MdHHIncC,,,,,,
MdHHIncP,,,,,,
MdHHIncZ,,,,,,
MnHHIncE,,,,,,
MnHHIncM,,,,,,
MnHHIncC,,,,,,
MnHHIncP,,,,,,
MnHHIncZ,,,,,,
Inc_SoSecE,,,,,,
Inc_SoSecM,,,,,,
Inc_SoSecC,,,,,,
Inc_SoSecP,,,,,,
Inc_SoSecZ,,,,,,
Inc_RtrmtE,,,,,,
Inc_RtrmtM,,,,,,
Inc_RtrmtC,,,,,,
Inc_RtrmtP,,,,,,
Inc_RtrmtZ,,,,,,
Inc_SpSecE,,,,,,
Inc_SpSecM,,,,,,
Inc_SpSecC,,,,,,
Inc_SpSecP,,,,,,
Inc_SpSecZ,,,,,,
Inc_CPbAE,,,,,,
Inc_CPbAM,,,,,,
Inc_CPbAC,,,,,,
Inc_CPbAP,,,,,,
Inc_CPbAZ,,,,,,
Inc_SNAPE,,,,,,
Inc_SNAPM,,,,,,
Inc_SNAPC,,,,,,
Inc_SNAPP,,,,,,
Inc_SNAPZ,,,,,,
Fam2E,,,,,,
Fam2M,,,,,,
Fam2C,,,,,,
Fam2P,,,,,,
Fam2Z,,,,,,
FamIU10E,,,,,,
FamIU10M,,,,,,
FamIU10C,,,,,,
FamIU10P,,,,,,
FamIU10Z,,,,,,
FamI10t14E,,,,,,
FamI10t14M,,,,,,
FamI10t14C,,,,,,
FamI10t14P,,,,,,
FamI10t14Z,,,,,,
FamI15t24E,,,,,,
FamI15t24M,,,,,,
FamI15t24C,,,,,,
FamI15t24P,,,,,,
FamI15t24Z,,,,,,
FamI25t34E,,,,,,
FamI25t34M,,,,,,
FamI25t34C,,,,,,
FamI25t34P,,,,,,
FamI25t34Z,,,,,,
FamI35t49E,,,,,,
FamI35t49M,,,,,,
FamI35t49C,,,,,,
FamI35t49P,,,,,,
FamI35t49Z,,,,,,
FamI50t74E,,,,,,
FamI50t74M,,,,,,
FamI50t74C,,,,,,
FamI50t74P,,,,,,
FamI50t74Z,,,,,,
FamI75t99E,,,,,,
FamI75t99M,,,,,,
FamI75t99C,,,,,,
FamI75t99P,,,,,,
FamI75t99Z,,,,,,
FI100t149E,,,,,,
FI100t149M,,,,,,
FI100t149C,,,,,,
FI100t149P,,,,,,
FI100t149Z,,,,,,
FI150t199E,,,,,,
FI150t199M,,,,,,
FI150t199C,,,,,,
FI150t199P,,,,,,
FI150t199Z,,,,,,
FamI200plE,,,,,,
FamI200plM,,,,,,
FamI200plC,,,,,,
FamI200plP,,,,,,
FamI200plZ,,,,,,
MdFamIncE,,,,,,
MdFamIncM,,,,,,
MdFamIncC,,,,,,
MdFamIncP,,,,,,
MdFamIncZ,,,,,,
Nfam2E,,,,,,
Nfam2M,,,,,,
Nfam2C,,,,,,
Nfam2P,,,,,,
Nfam2Z,,,,,,
MdNFIncE,,,,,,
MdNFIncM,,,,,,
MdNFIncC,,,,,,
MdNFIncP,,,,,,
MdNFIncZ,,,,,,
PerCapIncE,,,,,,
PerCapIncM,,,,,,
PerCapIncC,,,,,,
PerCapIncP,,,,,,
PerCapIncZ,,,,,,
MdEWrkE,,,,,,
MdEWrkM,,,,,,
MdEWrkC,,,,,,
MdEWrkP,,,,,,
MdEWrkZ,,,,,,
MdEMFTWrkE,,,,,,
MdEMFTWrkM,,,,,,
MdEMFTWrkC,,,,,,
MdEMFTWrkP,,,,,,
MdEMFTWrkZ,,,,,,
MdEFFTWrkE,,,,,,
MdEFFTWrkM,,,,,,
MdEFFTWrkC,,,,,,
MdEFFTWrkP,,,,,,
MdEFFTWrkZ,,,,,,
CvNIPop2E,,,,,,
CvNIPop2M,,,,,,
CvNIPop2C,,,,,,
CvNIPop2P,,,,,,
CvNIPop2Z,,,,,,
HInsE,,,,,,
HInsM,,,,,,
HInsC,,,,,,
HInsP,,,,,,
HInsZ,,,,,,
PvHInsE,,,,,,
PvHInsM,,,,,,
PvHInsC,,,,,,
PvHInsP,,,,,,
PvHInsZ,,,,,,
PbHInsE,,,,,,
PbHInsM,,,,,,
PbHInsC,,,,,,
PbHInsP,,,,,,
PbHInsZ,,,,,,
NHInsE,,,,,,
NHInsM,,,,,,
NHInsC,,,,,,
NHInsP,,,,,,
NHInsZ,,,,,,
CvNIU18_2E,,,,,,
CvNIU18_2M,,,,,,
CvNIU18_2C,,,,,,
CvNIU18_2P,,,,,,
CvNIU18_2Z,,,,,,
U18NHInsE,,,,,,
U18NHInsM,,,,,,
U18NHInsC,,,,,,
U18NHInsP,,,,,,
U18NHInsZ,,,,,,
CNI1864_2E,,,,,,
CNI1864_2M,,,,,,
CNI1864_2C,,,,,,
CNI1864_2P,,,,,,
CNI1864_2Z,,,,,,
CvLF18t64E,,,,,,
CvLF18t64M,,,,,,
CvLF18t64C,,,,,,
CvLF18t64P,,,,,,
CvLF18t64Z,,,,,,
CvLFEmE,,,,,,
CvLFEmM,,,,,,
CvLFEmC,,,,,,
CvLFEmP,,,,,,
CvLFEmZ,,,,,,
EmHInsE,,,,,,
EmHInsM,,,,,,
EmHInsC,,,,,,
EmHInsP,,,,,,
EmHInsZ,,,,,,
EmPvHInsE,,,,,,
EmPvHInsM,,,,,,
EmPvHInsC,,,,,,
EmPvHInsP,,,,,,
EmPvHInsZ,,,,,,
EmPbHInsE,,,,,,
EmPbHInsM,,,,,,
EmPbHInsC,,,,,,
EmPbHInsP,,,,,,
EmPbHInsZ,,,,,,
EmNHInsE,,,,,,
EmNHInsM,,,,,,
EmNHInsC,,,,,,
EmNHInsP,,,,,,
EmNHInsZ,,,,,,
UEmE,,,,,,
UEmM,,,,,,
UEmC,,,,,,
UEmP,,,,,,
UEmZ,,,,,,
UEmHInsE,,,,,,
UEmHInsM,,,,,,
UEmHInsC,,,,,,
UEmHInsP,,,,,,
UEmHInsZ,,,,,,
UEmPvHInsE,,,,,,
UEmPvHInsM,,,,,,
UEmPvHInsC,,,,,,
UEmPvHInsP,,,,,,
UEmPvHInsZ,,,,,,
UEmPbHInsE,,,,,,
UEmPbHInsM,,,,,,
UEmPbHInsC,,,,,,
UEmPbHInsP,,,,,,
UEmPbHInsZ,,,,,,
UEmNHInsE,,,,,,
UEmNHInsM,,,,,,
UEmNHInsC,,,,,,
UEmNHInsP,,,,,,
UEmNHInsZ,,,,,,
NLF2E,,,,,,
NLF2M,,,,,,
NLF2C,,,,,,
NLF2P,,,,,,
NLF2Z,,,,,,
NLFHInsE,,,,,,
NLFHInsM,,,,,,
NLFHInsC,,,,,,
NLFHInsP,,,,,,
NLFHInsZ,,,,,,
NLFPvHInsE,,,,,,
NLFPvHInsM,,,,,,
NLFPvHInsC,,,,,,
NLFPvHInsP,,,,,,
NLFPvHInsZ,,,,,,
NLFPbHInsE,,,,,,
NLFPbHInsM,,,,,,
NLFPbHInsC,,,,,,
NLFPbHInsP,,,,,,
NLFPbHInsZ,,,,,,
NLFNHInsE,,,,,,
NLFNHInsM,,,,,,
NLFNHInsC,,,,,,
NLFNHInsP,,,,,,
NLFNHInsZ,,,,,,
FamPvUE,,,,,,
FamPvUM,,,,,,
FamPvUC,,,,,,
FamPvUP,,,,,,
FamPvUZ,,,,,,
FamBwPvE,,,,,,
FamBwPvM,,,,,,
FamBwPvC,,,,,,
FamBwPvP,,,,,,
FamBwPvZ,,,,,,
PopPvU1E,,,,,,
PopPvU1M,,,,,,
PopPvU1C,,,,,,
PopPvU1P,,,,,,
PopPvU1Z,,,,,,
PBwPvE,,,,,,
PBwPvM,,,,,,
PBwPvC,,,,,,
PBwPvP,,,,,,
PBwPvZ,,,,,,
PU18PvUE,,,,,,
PU18PvUM,,,,,,
PU18PvUC,,,,,,
PU18PvUP,,,,,,
PU18PvUZ,,,,,,
PU18BwPvE,,,,,,
PU18BwPvM,,,,,,
PU18BwPvC,,,,,,
PU18BwPvP,,,,,,
PU18BwPvZ,,,,,,
P65plPvUE,,,,,,
P65plPvUM,,,,,,
P65plPvUC,,,,,,
P65plPvUP,,,,,,
P65plPvUZ,,,,,,
P65plBwPvE,,,,,,
P65plBwPvM,,,,,,
P65plBwPvC,,,,,,
P65plBwPvP,,,,,,
P65plBwPvZ,,,,,,
PopPvU2E,,,,,,
PopPvU2M,,,,,,
PopPvU2C,,,,,,
PopPvU2P,,,,,,
PopPvU2Z,,,,,,
PvU50E,,,,,,
PvU50M,,,,,,
PvU50C,,,,,,
PvU50P,,,,,,
PvU50Z,,,,,,
Pv50t74E,,,,,,
Pv50t74M,,,,,,
Pv50t74C,,,,,,
Pv50t74P,,,,,,
Pv50t74Z,,,,,,
Pv75t99E,,,,,,
Pv75t99M,,,,,,
Pv75t99C,,,,,,
Pv75t99P,,,,,,
Pv75t99Z,,,,,,
Pv100t124E,,,,,,
Pv100t124M,,,,,,
Pv100t124C,,,,,,
Pv100t124P,,,,,,
Pv100t124Z,,,,,,
Pv125t149E,,,,,,
Pv125t149M,,,,,,
Pv125t149C,,,,,,
Pv125t149P,,,,,,
Pv125t149Z,,,,,,
Pv150t174E,,,,,,
Pv150t174M,,,,,,
Pv150t174C,,,,,,
Pv150t174P,,,,,,
Pv150t174Z,,,,,,
Pv175t184E,,,,,,
Pv175t184M,,,,,,
Pv175t184C,,,,,,
Pv175t184P,,,,,,
Pv175t184Z,,,,,,
Pv185t199E,,,,,,
Pv185t199M,,,,,,
Pv185t199C,,,,,,
Pv185t199P,,,,,,
Pv185t199Z,,,,,,
Pv200t299E,,,,,,
Pv200t299M,,,,,,
Pv200t299C,,,,,,
Pv200t299P,,,,,,
Pv200t299Z,,,,,,
Pv300t399E,,,,,,
Pv300t399M,,,,,,
Pv300t399C,,,,,,
Pv300t399P,,,,,,
Pv300t399Z,,,,,,
Pv400t499E,,,,,,
Pv400t499M,,,,,,
Pv400t499C,,,,,,
Pv400t499P,,,,,,
Pv400t499Z,,,,,,
Pv500plE,,,,,,
Pv500plM,,,,,,
Pv500plC,,,,,,
Pv500plP,,,,,,
Pv500plZ,,,,,,
HU1E,,,,,,
HU1M,,,,,,
HU1C,,,,,,
HU1P,,,,,,
HU1Z,,,,,,
OcHU1E,,,,,,
OcHU1M,,,,,,
OcHU1C,,,,,,
OcHU1P,,,,,,
OcHU1Z,,,,,,
VacHUE,,,,,,
VacHUM,,,,,,
VacHUC,,,,,,
VacHUP,,,,,,
VacHUZ,,,,,,
HOVacRtE,,,,,,
HOVacRtM,,,,,,
HOVacRtC,,,,,,
HOVacRtP,,,,,,
HOVacRtZ,,,,,,
RntVacRtE,,,,,,
RntVacRtM,,,,,,
RntVacRtC,,,,,,
RntVacRtP,,,,,,
RntVacRtZ,,,,,,
HU2E,,,,,,
HU2M,,,,,,
HU2C,,,,,,
HU2P,,,,,,
HU2Z,,,,,,
HU1uDE,,,,,,
HU1uDM,,,,,,
HU1uDC,,,,,,
HU1uDP,,,,,,
HU1uDZ,,,,,,
HU1uAE,,,,,,
HU1uAM,,,,,,
HU1uAC,,,,,,
HU1uAP,,,,,,
HU1uAZ,,,,,,
HU2uE,,,,,,
HU2uM,,,,,,
HU2uC,,,,,,
HU2uP,,,,,,
HU2uZ,,,,,,
HU3t4uE,,,,,,
HU3t4uM,,,,,,
HU3t4uC,,,,,,
HU3t4uP,,,,,,
HU3t4uZ,,,,,,
HU5t9uE,,,,,,
HU5t9uM,,,,,,
HU5t9uC,,,,,,
HU5t9uP,,,,,,
HU5t9uZ,,,,,,
HU10t19uE,,,,,,
HU10t19uM,,,,,,
HU10t19uC,,,,,,
HU10t19uP,,,,,,
HU10t19uZ,,,,,,
HU20pluE,,,,,,
HU20pluM,,,,,,
HU20pluC,,,,,,
HU20pluP,,,,,,
HU20pluZ,,,,,,
MobHmE,,,,,,
MobHmM,,,,,,
MobHmC,,,,,,
MobHmP,,,,,,
MobHmZ,,,,,,
BtRVVEtcE,,,,,,
BtRVVEtcM,,,,,,
BtRVVEtcC,,,,,,
BtRVVEtcP,,,,,,
BtRVVEtcZ,,,,,,
HU3E,,,,,,
HU3M,,,,,,
HU3C,,,,,,
HU3P,,,,,,
HU3Z,,,,,,
Blt10LtrE,,,,,,
Blt10LtrM,,,,,,
Blt10LtrC,,,,,,
Blt10LtrP,,,,,,
Blt10LtrZ,,,,,,
Blt00t09E,,,,,,
Blt00t09M,,,,,,
Blt00t09C,,,,,,
Blt00t09P,,,,,,
Blt00t09Z,,,,,,
Blt90t99E,,,,,,
Blt90t99M,,,,,,
Blt90t99C,,,,,,
Blt90t99P,,,,,,
Blt90t99Z,,,,,,
Blt80t89E,,,,,,
Blt80t89M,,,,,,
Blt80t89C,,,,,,
Blt80t89P,,,,,,
Blt80t89Z,,,,,,
Blt70t79E,,,,,,
Blt70t79M,,,,,,
Blt70t79C,,,,,,
Blt70t79P,,,,,,
Blt70t79Z,,,,,,
Blt60t69E,,,,,,
Blt60t69M,,,,,,
Blt60t69C,,,,,,
Blt60t69P,,,,,,
Blt60t69Z,,,,,,
Blt50t59E,,,,,,
Blt50t59M,,,,,,
Blt50t59C,,,,,,
Blt50t59P,,,,,,
Blt50t59Z,,,,,,
Blt40t49E,,,,,,
Blt40t49M,,,,,,
Blt40t49C,,,,,,
Blt40t49P,,,,,,
Blt40t49Z,,,,,,
BltBf39E,,,,,,
BltBf39M,,,,,,
BltBf39C,,,,,,
BltBf39P,,,,,,
BltBf39Z,,,,,,
HU4E,,,,,,
HU4M,,,,,,
HU4C,,,,,,
HU4P,,,,,,
HU4Z,,,,,,
Rms1E,,,,,,
Rms1M,,,,,,
Rms1C,,,,,,
Rms1P,,,,,,
Rms1Z,,,,,,
Rms2E,,,,,,
Rms2M,,,,,,
Rms2C,,,,,,
Rms2P,,,,,,
Rms2Z,,,,,,
Rms3E,,,,,,
Rms3M,,,,,,
Rms3C,,,,,,
Rms3P,,,,,,
Rms3Z,,,,,,
Rms4E,,,,,,
Rms4M,,,,,,
Rms4C,,,,,,
Rms4P,,,,,,
Rms4Z,,,,,,
Rms5E,,,,,,
Rms5M,,,,,,
Rms5C,,,,,,
Rms5P,,,,,,
Rms5Z,,,,,,
Rms6E,,,,,,
Rms6M,,,,,,
Rms6C,,,,,,
Rms6P,,,,,,
Rms6Z,,,,,,
Rms7E,,,,,,
Rms7M,,,,,,
Rms7C,,,,,,
Rms7P,,,,,,
Rms7Z,,,,,,
Rms8E,,,,,,
Rms8M,,,,,,
Rms8C,,,,,,
Rms8P,,,,,,
Rms8Z,,,,,,
Rms9plE,,,,,,
Rms9plM,,,,,,
Rms9plC,,,,,,
Rms9plP,,,,,,
Rms9plZ,,,,,,
MdRmsE,,,,,,
MdRmsM,,,,,,
MdRmsC,,,,,,
MdRmsP,,,,,,
MdRmsZ,,,,,,
OcHU2E,,,,,,
OcHU2M,,,,,,
OcHU2C,,,,,,
OcHU2P,,,,,,
OcHU2Z,,,,,,
OOcHU1E,,,,,,
OOcHU1M,,,,,,
OOcHU1C,,,,,,
OOcHU1P,,,,,,
OOcHU1Z,,,,,,
ROcHU1E,,,,,,
ROcHU1M,,,,,,
ROcHUC,,,,,,
ROcHUP,,,,,,
ROcHUZ,,,,,,
AvgHHSOOcE,,,,,,
AvgHHSOOcM,,,,,,
AvgHHSOOcC,,,,,,
AvgHHSOOcP,,,,,,
AvgHHSOOcZ,,,,,,
AvgHHSROcE,,,,,,
AvgHHSROcM,,,,,,
AvgHHSROcC,,,,,,
AvgHHSROcP,,,,,,
AvgHHSROcZ,,,,,,
OcHU3E,,,,,,
OcHU3M,,,,,,
OcHU3C,,,,,,
OcHU3P,,,,,,
OcHU3Z,,,,,,
Mv10LtrE,,,,,,
Mv10LtrM,,,,,,
Mv10LtrC,,,,,,
Mv10LtrP,,,,,,
Mv10LtrZ,,,,,,
Mv00t09E,,,,,,
Mv00t09M,,,,,,
Mv00t09C,,,,,,
Mv00t09P,,,,,,
Mv00t09Z,,,,,,
Mv90t99E,,,,,,
Mv90t99M,,,,,,
Mv90t99C,,,,,,
Mv90t99P,,,,,,
Mv90t99Z,,,,,,
Mv80t89E,,,,,,
Mv80t89M,,,,,,
Mv80t89C,,,,,,
Mv80t89P,,,,,,
Mv80t89Z,,,,,,
MvBf79E,,,,,,
MvBf79M,,,,,,
MvBf79C,,,,,,
MvBf79P,,,,,,
MvBf79Z,,,,,,
OcHU4E,,,,,,
OcHU4M,,,,,,
OcHU4C,,,,,,
OcHU4P,,,,,,
OcHU4Z,,,,,,
NoVhclAvE,,,,,,
NoVhclAvM,,,,,,
NoVhclAvC,,,,,,
NoVhclAvP,,,,,,
NoVhclAvZ,,,,,,
Vhcl1AvE,,,,,,
Vhcl1AvM,,,,,,
Vhcl1AvC,,,,,,
Vhcl1AvP,,,,,,
Vhcl1AvZ,,,,,,
Vhcl2AvE,,,,,,
Vhcl2AvM,,,,,,
Vhcl2AvC,,,,,,
Vhcl2AvP,,,,,,
Vhcl2AvZ,,,,,,
Vhcl3plAvE,,,,,,
Vhcl3plAvM,,,,,,
Vhcl3plAvC,,,,,,
Vhcl3plAvP,,,,,,
Vhcl3plAvZ,,,,,,
OcHU5E,,,,,,
OcHU5M,,,,,,
OcHU5C,,,,,,
OcHU5P,,,,,,
OcHU5Z,,,,,,
OcPR0t1E,,,,,,
OcPR0t1M,,,,,,
OcPR0t1C,,,,,,
OcPR0t1P,,,,,,
OcPR0t1Z,,,,,,
OcPR1plE,,,,,,
OcPR1plM,,,,,,
OcPR1plC,,,,,,
OcPR1plP,,,,,,
OcPR1plZ,,,,,,
OcPR1p5plE,,,,,,
OcPR1p5plM,,,,,,
OcPR1p5plC,,,,,,
OcPR1p5plP,,,,,,
OcPR1p5plZ,,,,,,
OOcHU2E,,,,,,
OOcHU2M,,,,,,
OOcHU2C,,,,,,
OOcHU2P,,,,,,
OOcHU2Z,,,,,,
VlU50E,,,,,,
VlU50M,,,,,,
VlU50C,,,,,,
VlU50P,,,,,,
VlU50Z,,,,,,
Vl50t99E,,,,,,
Vl50t99M,,,,,,
Vl50t99C,,,,,,
Vl50t99P,,,,,,
Vl50t99Z,,,,,,
Vl100t149E,,,,,,
Vl100t149M,,,,,,
Vl100t149C,,,,,,
Vl100t149P,,,,,,
Vl100t149Z,,,,,,
Vl150t199E,,,,,,
Vl150t199M,,,,,,
Vl150t199C,,,,,,
Vl150t199P,,,,,,
Vl150t199Z,,,,,,
Vl200t299E,,,,,,
Vl200t299M,,,,,,
Vl200t299C,,,,,,
Vl200t299P,,,,,,
Vl200t299Z,,,,,,
Vl300t499E,,,,,,
Vl300t499M,,,,,,
Vl300t499C,,,,,,
Vl300t499P,,,,,,
Vl300t499Z,,,,,,
Vl500t999E,,,,,,
Vl500t999M,,,,,,
Vl500t999C,,,,,,
Vl500t999P,,,,,,
Vl500t999Z,,,,,,
Vl1milplE,,,,,,
Vl1milplM,,,,,,
Vl1milplC,,,,,,
Vl1milplP,,,,,,
Vl1milplZ,,,,,,
MdVlE,,,,,,
MdVlM,,,,,,
MdVlC,,,,,,
MdVlP,,,,,,
MdVlZ,,,,,,
OOcHU3E,,,,,,
OOcHU3M,,,,,,
OOcHU3C,,,,,,
OOcHU3P,,,,,,
OOcHU3Z,,,,,,
HUwMrtgE,,,,,,
HUwMrtgM,,,,,,
HUwMrtgC,,,,,,
HUwMrtgP,,,,,,
HUwMrtgZ,,,,,,
HUnoMrtg1E,,,,,,
HUnoMrtg1M,,,,,,
HUnoMrtg1C,,,,,,
HUnoMrtg1P,,,,,,
HUnoMrtg1Z,,,,,,
HUwMrtgExE,,,,,,
HUwMrtgExM,,,,,,
HUwMrtgExC,,,,,,
HUwMrtgExP,,,,,,
HUwMrtgExZ,,,,,,
SMPU20E,,,,,,
SMPU20M,,,,,,
SMPU20C,,,,,,
SMPU20P,,,,,,
SMPU20Z,,,,,,
SMP20t24E,,,,,,
SMP20t24M,,,,,,
SMP20t24C,,,,,,
SMP20t24P,,,,,,
SMP20t24Z,,,,,,
SMP25t29E,,,,,,
SMP25t29M,,,,,,
SMP25t29C,,,,,,
SMP25t29P,,,,,,
SMP25t29Z,,,,,,
SMP30t34E,,,,,,
SMP30t34M,,,,,,
SMP30t34C,,,,,,
SMP30t34P,,,,,,
SMP30t34Z,,,,,,
SMP35plE,,,,,,
SMP35plM,,,,,,
SMP35plC,,,,,,
SMP35plP,,,,,,
SMP35plZ,,,,,,
SMPNtCE,,,,,,
SMPNtCM,,,,,,
SMPNtCC,,,,,,
SMPNtCP,,,,,,
SMPNtCZ,,,,,,
HUnoMrtg2E,,,,,,
HUnoMrtg2M,,,,,,
HUnoMrtg2C,,,,,,
HUnoMrtg2P,,,,,,
HUnoMrtg2Z,,,,,,
NMSMPU10E,,,,,,
NMSMPU10M,,,,,,
NMSMPU10C,,,,,,
NMSMPU10P,,,,,,
NMSMPU10Z,,,,,,
NMSMP1014E,,,,,,
NMSMP1014M,,,,,,
NMSMP1014C,,,,,,
NMSMP1014P,,,,,,
NMSMP1014Z,,,,,,
NMSMP1519E,,,,,,
NMSMP1519M,,,,,,
NMSMP1519C,,,,,,
NMSMP1519P,,,,,,
NMSMP1519Z,,,,,,
NMSMP2024E,,,,,,
NMSMP2024M,,,,,,
NMSMP2024C,,,,,,
NMSMP2024P,,,,,,
NMSMP2024Z,,,,,,
NMSMP2529E,,,,,,
NMSMP2529M,,,,,,
NMSMP2529C,,,,,,
NMSMP2529P,,,,,,
NMSMP2529Z,,,,,,
NMSMP3034E,,,,,,
NMSMP3034M,,,,,,
NMSMP3034C,,,,,,
NMSMP3034P,,,,,,
NMSMP3034Z,,,,,,
NMSMP35plE,,,,,,
NMSMP35plM,,,,,,
NMSMP35plC,,,,,,
NMSMP35plP,,,,,,
NMSMP35plZ,,,,,,
NMSMPNtCE,,,,,,
NMSMPNtCM,,,,,,
NMSMPNtCC,,,,,,
NMSMPNtCP,,,,,,
NMSMPNtCZ,,,,,,
OcHUPRnt1E,,,,,,
OcHUPRnt1M,,,,,,
OcHUPRnt1C,,,,,,
OcHUPRnt1P,,,,,,
OcHUPRnt1Z,,,,,,
GRU500E,,,,,,
GRU500M,,,,,,
GRU500C,,,,,,
GRU500P,,,,,,
GRU500Z,,,,,,
GR500t999E,,,,,,
GR500t999M,,,,,,
GR500t999C,,,,,,
GR500t999P,,,,,,
GR500t999Z,,,,,,
GR1kt14kE,,,,,,
GR1kt14kM,,,,,,
GR1kt14kC,,,,,,
GR1kt14kP,,,,,,
GR1kt14kZ,,,,,,
GR15kt19kE,,,,,,
GR15kt19kM,,,,,,
GR15kt19kC,,,,,,
GR15kt19kP,,,,,,
GR15kt19kZ,,,,,,
GR20kt24kE,,,,,,
GR20kt24kM,,,,,,
GR20kt24kC,,,,,,
GR20kt24kP,,,,,,
GR20kt24kZ,,,,,,
GR25kt29kE,,,,,,
GR25kt29kM,,,,,,
GR25kt29kC,,,,,,
GR25kt29kP,,,,,,
GR25kt29kZ,,,,,,
GR3kplE,,,,,,
GR3kplM,,,,,,
GR3kplC,,,,,,
GR3kplP,,,,,,
GR3kplZ,,,,,,
MdGRE,,,,,,
MdGRM,,,,,,
MdGRC,,,,,,
MdGRP,,,,,,
MdGRZ,,,,,,
GRnoRntPdE,,,,,,
GRnoRntPdM,,,,,,
GRnoRntPdC,,,,,,
GRnoRntPdP,,,,,,
GRnoRntPdZ,,,,,,
OcHUPRnt2E,,,,,,
OcHUPRnt2M,,,,,,
OcHUPRnt2C,,,,,,
OcHUPRnt2P,,,,,,
OcHUPRnt2Z,,,,,,
GRPIU15E,,,,,,
GRPIU15M,,,,,,
GRPIU15C,,,,,,
GRPIU15P,,,,,,
GRPIU15Z,,,,,,
GRPI15t19E,,,,,,
GRPI15t19M,,,,,,
GRPI15t19C,,,,,,
GRPI15t19P,,,,,,
GRPI15t19Z,,,,,,
GRPI20t24E,,,,,,
GRPI20t24M,,,,,,
GRPI20t24C,,,,,,
GRPI20t24P,,,,,,
GRPI20t24Z,,,,,,
GRPI25t29E,,,,,,
GRPI25t29M,,,,,,
GRPI25t29C,,,,,,
GRPI25t29P,,,,,,
GRPI25t29Z,,,,,,
GRPI30t34E,,,,,,
GRPI30t34M,,,,,,
GRPI30t34C,,,,,,
GRPI30t34P,,,,,,
GRPI30t34Z,,,,,,
GRPI35plE,,,,,,
GRPI35plM,,,,,,
GRPI35plC,,,,,,
GRPI35plP,,,,,,
GRPI35plZ,,,,,,
GRPI50plE,,,,,,
GRPI50plM,,,,,,
GRPI50plC,,,,,,
GRPI50plP,,,,,,
GRPI50plZ,,,,,,
GRPINtCE,,,,,,
GRPINtCM,,,,,,
GRPINtCC,,,,,,
GRPINtCP,,,,,,
GRPINtCZ,,,,,,